{"betas": [-0.3353101909160614, 0.09478344768285751, 0.1668512523174286, 0.11518659442663193, -0.1686747670173645, -0.2906910479068756, -0.07179272919893265, 0.08874861150979996, -0.2576878070831299, 0.04244455695152283], "root_pose": [3.1150333881378174, 0.00942981243133545, 0.012636969797313213], "body_pose": [[-0.1517658531665802, 0.013082815334200859, 0.07009470462799072], [-0.13632185757160187, -0.007340250536799431, -0.0988856703042984], [0.30346059799194336, -0.012918797321617603, 0.014019952155649662], [0.4994240403175354, 0.03358328342437744, -0.043670956045389175], [0.4732486605644226, 0.0022175211925059557, 0.03981160372495651], [0.07235361635684967, 0.003506887936964631, 0.009067258797585964], [-0.15863266587257385, 0.11239739507436752, -0.03900729864835739], [-0.10825066268444061, -0.11080456525087357, 0.044153161346912384], [-0.04898286238312721, -0.015262815169990063, 0.014071169309318066], [0.0022220921237021685, -0.006517842411994934, -0.012385445646941662], [0.009264260530471802, -0.004201408475637436, 0.0016908522229641676], [0.20606517791748047, 0.0011645631166175008, 0.022354155778884888], [-0.006677007302641869, -0.293872594833374, 0.004910861141979694], [0.013809950090944767, 0.09869910031557083, -0.04839053004980087], [-0.33469733595848083, 0.06036580726504326, -0.13052330911159515], [0.17456912994384766, -0.36286988854408264, -1.0442501306533813], [0.14453363418579102, 0.252906858921051, 1.1474602222442627], [-0.4159330129623413, 4.54567813873291, -0.7957725524902344], [0.03922665864229202, 1.6216926574707031, -0.272941529750824], [-0.6469962000846863, -0.3319248557090759, 0.3987452983856201], [-0.7888387441635132, 0.14801447093486786, -0.4055994749069214]], "jaw_pose": [0.051322028040885925, -0.014365327544510365, 0.008604984730482101], "leye_pose": [0.0, 0.0, 0.0], "reye_pose": [0.0, 0.0, 0.0], "lhand_pose": [[0.03250911086797714, 0.5040324330329895, -0.7405699491500854], [0.18878115713596344, -0.10449229925870895, -1.0583231449127197], [-0.08288227766752243, -0.12692363560199738, -0.28579041361808777], [-0.31309208273887634, 0.2079133242368698, -1.2317825555801392], [-0.11754165589809418, 0.0036576532293111086, -0.8325449228286743], [-0.039378952234983444, -0.14102740585803986, -0.5231446027755737], [-0.8761719465255737, -0.6539158225059509, -0.9997705221176147], [-0.21984677016735077, -0.06022695079445839, -0.6301931142807007], [-0.5670042037963867, -0.03930521011352539, -0.27613943815231323], [-0.30867353081703186, -0.20631928741931915, -1.265705943107605], [-0.41609054803848267, -0.1190216913819313, -0.7115987539291382], [-0.2651858627796173, -0.08461980521678925, -0.5271477699279785], [0.9580065011978149, 0.6131177544593811, 0.07233193516731262], [-0.5757498145103455, 0.04971211403608322, -0.18021994829177856], [0.6360915303230286, 0.22688646614551544, -0.1401239037513733]], "rhand_pose": [[0.034906160086393356, -0.40595632791519165, 0.715234100818634], [0.17670491337776184, 0.0645892471075058, 0.9677224159240723], [-0.08609136193990707, 0.12673239409923553, 0.2677496373653412], [-0.3231836259365082, -0.1728745847940445, 1.123531699180603], [-0.11292211711406708, -0.0351996012032032, 0.8142380118370056], [-0.03735346719622612, 0.11184576898813248, 0.4838544726371765], [-0.8807877898216248, 0.5851503610610962, 1.033437967300415], [-0.20577242970466614, 0.07006295025348663, 0.5569939613342285], [-0.503438413143158, 0.014495630748569965, 0.23092620074748993], [-0.3007035553455353, 0.2008865624666214, 1.195322871208191], [-0.4162375330924988, 0.13951139152050018, 0.6820612549781799], [-0.24331432580947876, 0.07865644246339798, 0.5079063177108765], [0.8959658741950989, -0.5813223719596863, -0.08216290920972824], [-0.5574532747268677, -0.03515135869383812, 0.17100846767425537], [0.6456536650657654, -0.22215747833251953, 0.11364671587944031]], "trans": [-0.16201889514923096, 0.8533962965011597, 2.0308616161346436], "focal": [1177.7945556640625, 1177.7945556640625], "princpt": [680.0, 384.0], "img_size_wh": [1360, 768], "pad_ratio": 0.0}