{"betas": [-0.33513450622558594, 0.09213358163833618, 0.16647998988628387, 0.11506548523902893, -0.16842132806777954, -0.28946417570114136, -0.07076559215784073, 0.0885651558637619, -0.25749748945236206, 0.0423295795917511], "root_pose": [3.0748586654663086, -0.0553552471101284, 0.008412972092628479], "body_pose": [[-0.2468208223581314, -0.025335973128676414, 0.043699923902750015], [-0.080473393201828, 0.02094956859946251, -0.04715853929519653], [0.32652056217193604, 0.03866143524646759, -0.004258213099092245], [0.6188604831695557, 0.01870828866958618, -0.06907059997320175], [0.5951113104820251, 0.006942501291632652, 0.03799700736999512], [0.06219200789928436, 0.013990107923746109, -0.031109046190977097], [-0.1929323971271515, 0.1386052966117859, -0.042224302887916565], [-0.1791383922100067, -0.09145753085613251, 0.03102555125951767], [-0.0503685362637043, 0.0439901240170002, -0.049110352993011475], [0.007284063380211592, -0.002098869066685438, 0.0032948919106274843], [0.01116685476154089, 0.002984855091199279, 0.014231550507247448], [0.235539972782135, -0.009565438143908978, -0.0146823450922966], [0.08060204237699509, -0.09266297519207001, -0.0638418197631836], [-0.06609834730625153, 0.30282118916511536, -0.11135560274124146], [-0.29652148485183716, 0.03581707552075386, 0.045791201293468475], [0.2715415954589844, -0.10090895742177963, -0.9964197278022766], [0.101533442735672, 0.4427263140678406, 1.03536057472229], [-0.29898059368133545, 4.543716907501221, -0.7795213460922241], [0.1356620043516159, 1.8177828788757324, -0.2962716221809387], [-0.8497037291526794, -0.20018355548381805, 0.16616764664649963], [-0.7080091834068298, 0.11493045091629028, -0.5049208998680115]], "jaw_pose": [0.042146265506744385, -0.007111385930329561, -0.09087477624416351], "leye_pose": [0.0, 0.0, 0.0], "reye_pose": [0.0, 0.0, 0.0], "lhand_pose": [[0.029781054705381393, 0.4482286274433136, -0.8040318489074707], [0.1864805668592453, -0.10039682686328888, -1.155133605003357], [-0.09795191884040833, -0.13595159351825714, -0.2976703941822052], [-0.2940588593482971, 0.2175859957933426, -1.2552803754806519], [-0.1273585557937622, 0.010130839422345161, -0.9349923133850098], [-0.03789988160133362, -0.1475285142660141, -0.5716781616210938], [-0.7999014258384705, -0.6023977398872375, -0.9716925024986267], [-0.2875296473503113, -0.04310235008597374, -0.7141695022583008], [-0.5221204161643982, -0.04675888642668724, -0.35327500104904175], [-0.2793177664279938, -0.19456803798675537, -1.2877146005630493], [-0.4286452829837799, -0.10504067689180374, -0.82655930519104], [-0.275272399187088, -0.09796758741140366, -0.5768553614616394], [0.9114751219749451, 0.5307605266571045, 0.09569016844034195], [-0.5844195485115051, 0.07184604555368423, -0.1944618821144104], [0.648687481880188, 0.2621859014034271, -0.17583103477954865]], "rhand_pose": [[-0.017063859850168228, -0.3857920467853546, 0.9805203676223755], [0.19768191874027252, 0.09833700954914093, 1.2617944478988647], [-0.10355767607688904, 0.15834762156009674, 0.3732970952987671], [-0.3558778166770935, -0.20285160839557648, 1.3593772649765015], [-0.1314237266778946, -0.022332677617669106, 1.1082804203033447], [-0.04063233733177185, 0.13545626401901245, 0.682447075843811], [-0.94960618019104, 0.5198267102241516, 1.2734289169311523], [-0.347618043422699, 0.1114557534456253, 0.8248990178108215], [-0.5359920263290405, 0.03265213966369629, 0.4736422598361969], [-0.3484053909778595, 0.23099938035011292, 1.430907964706421], [-0.44470563530921936, 0.12157922983169556, 1.0406943559646606], [-0.2700055241584778, 0.09018106013536453, 0.6783090829849243], [0.929257869720459, -0.5340973734855652, -0.003775765420868993], [-0.507699728012085, -0.0590769462287426, 0.16632907092571259], [0.6969467401504517, -0.28289586305618286, 0.20345854759216309]], "trans": [-0.17320516705513, 0.7893548011779785, 1.9837615489959717], "focal": [1177.7945556640625, 1177.7945556640625], "princpt": [680.0, 384.0], "img_size_wh": [1360, 768], "pad_ratio": 0.0}