{"betas": [-0.3353162705898285, 0.09422389417886734, 0.16679219901561737, 0.1151014193892479, -0.16859358549118042, -0.290490061044693, -0.07156385481357574, 0.08877992630004883, -0.2576097249984741, 0.04241340607404709], "root_pose": [3.1237902641296387, 0.0038205739110708237, 0.0051826657727360725], "body_pose": [[-0.15528526902198792, 0.0086611183360219, 0.07367020845413208], [-0.14391712844371796, -0.007358630187809467, -0.09330151975154877], [0.30939751863479614, -0.009674550034105778, 0.010098145343363285], [0.4934181869029999, 0.03357188031077385, -0.043490368872880936], [0.4705779254436493, -0.004001713823527098, 0.04206708073616028], [0.0625632107257843, 0.005357683170586824, 0.0027141945902258158], [-0.15162450075149536, 0.11311034113168716, -0.03815336152911186], [-0.10027502477169037, -0.11994913965463638, 0.03934842348098755], [-0.05190518498420715, -0.011312308721244335, 0.009492685087025166], [0.0008370609139092267, -0.006220994982868433, -0.013312241993844509], [0.008297914639115334, -0.004668858367949724, 0.003788564819842577], [0.18398354947566986, 0.006082800216972828, 0.026616521179676056], [0.009396501816809177, -0.27145877480506897, -0.011648633517324924], [0.02621658518910408, 0.10883486270904541, -0.051084328442811966], [-0.30858108401298523, 0.06583409756422043, -0.12017149478197098], [0.18959565460681915, -0.32993268966674805, -1.065721869468689], [0.15459749102592468, 0.26469993591308594, 1.1631498336791992], [-0.46132466197013855, 4.596778869628906, -0.8149359822273254], [0.06600185483694077, 1.5841282606124878, -0.2714862823486328], [-0.6151054501533508, -0.2723771333694458, 0.42039307951927185], [-0.7734495997428894, 0.1677500456571579, -0.464988112449646]], "jaw_pose": [0.05863228812813759, -0.010808470658957958, -0.004327463451772928], "leye_pose": [0.0, 0.0, 0.0], "reye_pose": [0.0, 0.0, 0.0], "lhand_pose": [[0.03000638820230961, 0.5435791015625, -0.8602327108383179], [0.20222458243370056, -0.10812517255544662, -1.1432111263275146], [-0.0836545079946518, -0.138920396566391, -0.3014684319496155], [-0.3236079514026642, 0.23821109533309937, -1.3488988876342773], [-0.1225665807723999, -0.0011743857758119702, -0.9017460346221924], [-0.039920199662446976, -0.14206065237522125, -0.576474130153656], [-0.9370040893554688, -0.6457549333572388, -1.111520528793335], [-0.26638588309288025, -0.07010729610919952, -0.6969301700592041], [-0.5712997317314148, -0.046637341380119324, -0.3372389078140259], [-0.32439330220222473, -0.2262130081653595, -1.392001748085022], [-0.43879005312919617, -0.1334768831729889, -0.7915501594543457], [-0.2670265734195709, -0.07493322342634201, -0.5806112289428711], [0.9532502293586731, 0.6159122586250305, 0.08805124461650848], [-0.5505434274673462, 0.05011711269617081, -0.19337905943393707], [0.6237227916717529, 0.24981635808944702, -0.13719309866428375]], "rhand_pose": [[0.030161799862980843, -0.4390658140182495, 0.7541969418525696], [0.1827440857887268, 0.071390300989151, 1.0503350496292114], [-0.09131789952516556, 0.1327389031648636, 0.27953073382377625], [-0.33598944544792175, -0.18318872153759003, 1.1992725133895874], [-0.11783694475889206, -0.03104935772716999, 0.8843071460723877], [-0.037642426788806915, 0.11097254604101181, 0.5289011001586914], [-0.9126458168029785, 0.6160778403282166, 1.0979925394058228], [-0.24030914902687073, 0.07887978106737137, 0.6004527807235718], [-0.5087174773216248, 0.024533871561288834, 0.2747269570827484], [-0.3155701160430908, 0.224716916680336, 1.2725670337677002], [-0.4355052411556244, 0.15372401475906372, 0.750830888748169], [-0.24411557614803314, 0.07255007326602936, 0.5444098114967346], [0.8896914124488831, -0.5769564509391785, -0.0950065478682518], [-0.5348082780838013, -0.03775523602962494, 0.18366965651512146], [0.6417094469070435, -0.23697376251220703, 0.11282268166542053]], "trans": [-0.17071112990379333, 0.8801108598709106, 2.024620294570923], "focal": [1177.7945556640625, 1177.7945556640625], "princpt": [680.0, 384.0], "img_size_wh": [1360, 768], "pad_ratio": 0.0}