{"betas": [-0.3352653682231903, 0.09380242973566055, 0.16668859124183655, 0.11507509648799896, -0.16854120790958405, -0.2902219891548157, -0.0713069960474968, 0.08873509615659714, -0.25761425495147705, 0.04242263361811638], "root_pose": [3.1296894550323486, -0.00500498479232192, -0.0014667779905721545], "body_pose": [[-0.15495717525482178, 0.005613303743302822, 0.07641642540693283], [-0.1418202817440033, -0.004971287678927183, -0.08696851879358292], [0.3138062059879303, -0.00342528335750103, 0.005678414832800627], [0.48858073353767395, 0.03366697579622269, -0.044073693454265594], [0.47054505348205566, -0.008405175991356373, 0.04419073462486267], [0.05519575998187065, 0.00999449659138918, -0.007886900566518307], [-0.1427159160375595, 0.11309031397104263, -0.039721399545669556], [-0.1081186830997467, -0.1309007853269577, 0.03263260796666145], [-0.05547501891851425, -0.0041713593527674675, 0.000996966497041285], [-0.0003439490683376789, -0.005230314563959837, -0.012755882926285267], [0.007697073742747307, -0.004680023994296789, 0.005888060666620731], [0.1685362607240677, 0.008101971819996834, 0.027579473331570625], [0.025397105142474174, -0.23654496669769287, -0.02598932571709156], [0.030892133712768555, 0.13466323912143707, -0.05051809176802635], [-0.2819405496120453, 0.06677837669849396, -0.10491973161697388], [0.20573827624320984, -0.2830870747566223, -1.0751701593399048], [0.1507909744977951, 0.29069870710372925, 1.1664772033691406], [0.16837498545646667, -1.5108888149261475, 0.28174176812171936], [0.09232812374830246, 1.5476900339126587, -0.2723477780818939], [-0.5363004207611084, -0.21164454519748688, 0.4057668447494507], [-0.755624532699585, 0.22823986411094666, -0.504990816116333]], "jaw_pose": [0.06263243407011032, -0.006836229469627142, -0.023306265473365784], "leye_pose": [0.0, 0.0, 0.0], "reye_pose": [0.0, 0.0, 0.0], "lhand_pose": [[0.03185649588704109, 0.571672260761261, -0.9390345811843872], [0.21060626208782196, -0.10611538589000702, -1.1734061241149902], [-0.08705934137105942, -0.14695517718791962, -0.29771187901496887], [-0.3283901810646057, 0.26246362924575806, -1.4167391061782837], [-0.12488489598035812, 0.003190370975062251, -0.9243927001953125], [-0.039132729172706604, -0.1437772661447525, -0.5943433046340942], [-0.9788048267364502, -0.6370595097541809, -1.1813108921051025], [-0.2868203818798065, -0.07680448144674301, -0.728474497795105], [-0.5681487917900085, -0.04665020480751991, -0.36617666482925415], [-0.33129847049713135, -0.23796838521957397, -1.4617911577224731], [-0.44998112320899963, -0.1403198391199112, -0.8184937238693237], [-0.264811247587204, -0.06837131828069687, -0.6047810912132263], [0.9453296661376953, 0.6277967095375061, 0.08641194552183151], [-0.5305437445640564, 0.049139317125082016, -0.1943165808916092], [0.6175749897956848, 0.2609109580516815, -0.14300738275051117]], "rhand_pose": [[0.030944427475333214, -0.4318726360797882, 0.7632014751434326], [0.18390478193759918, 0.07953715324401855, 1.1020073890686035], [-0.09460775554180145, 0.1367320567369461, 0.2933502197265625], [-0.34400075674057007, -0.1820971518754959, 1.230660319328308], [-0.12130629271268845, -0.024724123999476433, 0.9363697171211243], [-0.03902318328619003, 0.1098325178027153, 0.5664128661155701], [-0.9218806624412537, 0.6200210452079773, 1.142060399055481], [-0.2646884322166443, 0.08375255763530731, 0.6353407502174377], [-0.5099307298660278, 0.030880168080329895, 0.31264933943748474], [-0.32573097944259644, 0.2378465235233307, 1.3152110576629639], [-0.4475686550140381, 0.15712343156337738, 0.8026986122131348], [-0.24506336450576782, 0.06823146343231201, 0.5738444328308105], [0.8902110457420349, -0.5501428842544556, -0.09484057128429413], [-0.5154052972793579, -0.03765183314681053, 0.1921653151512146], [0.6421917080879211, -0.24153609573841095, 0.11715326458215714]], "trans": [-0.18064630031585693, 0.8963696956634521, 2.019742488861084], "focal": [1177.7945556640625, 1177.7945556640625], "princpt": [680.0, 384.0], "img_size_wh": [1360, 768], "pad_ratio": 0.0}