{"betas": [-0.33518439531326294, 0.09350179135799408, 0.16653895378112793, 0.11500850319862366, -0.16855601966381073, -0.2900554835796356, -0.07113821059465408, 0.08869429677724838, -0.2575954496860504, 0.042401187121868134], "root_pose": [3.126556396484375, -0.023500094190239906, -0.0033191789407283068], "body_pose": [[-0.15446019172668457, 0.005264603067189455, 0.07212553173303604], [-0.12834957242012024, -0.0013178568333387375, -0.08486273884773254], [0.3170901834964752, 0.005801174324005842, 0.005325824487954378], [0.4932432472705841, 0.03361191228032112, -0.04598012566566467], [0.4800211787223816, -0.008548019453883171, 0.04399314522743225], [0.05447783321142197, 0.017463283613324165, -0.018275754526257515], [-0.14327868819236755, 0.11244383454322815, -0.042166974395513535], [-0.12706027925014496, -0.13809342682361603, 0.02830604463815689], [-0.05803331360220909, 0.007272809278219938, -0.010217511095106602], [-0.00037836545379832387, -0.004353545606136322, -0.010472801513969898], [0.007969101890921593, -0.004005508031696081, 0.006159085314720869], [0.16663922369480133, 0.002087400993332267, 0.02007428929209709], [0.03883454203605652, -0.196016326546669, -0.038382358849048615], [0.003581455908715725, 0.1843843013048172, -0.046445779502391815], [-0.2702099084854126, 0.056996457278728485, -0.08172710239887238], [0.22223377227783203, -0.23291710019111633, -1.0673452615737915], [0.11361934244632721, 0.34101036190986633, 1.137740969657898], [0.17300960421562195, -1.501737117767334, 0.2959461510181427], [0.08792628347873688, 1.5246649980545044, -0.27454468607902527], [-0.466960608959198, -0.19241122901439667, 0.3396870791912079], [-0.763328492641449, 0.3288377523422241, -0.4677314758300781]], "jaw_pose": [0.05994049087166786, -0.003404660150408745, -0.04533719643950462], "leye_pose": [0.0, 0.0, 0.0], "reye_pose": [0.0, 0.0, 0.0], "lhand_pose": [[0.04752439260482788, 0.5751628279685974, -0.9141250848770142], [0.2092839628458023, -0.09869396686553955, -1.1033495664596558], [-0.09356275200843811, -0.14234185218811035, -0.26327934861183167], [-0.32099029421806335, 0.26850032806396484, -1.3803976774215698], [-0.11997149884700775, 0.015759192407131195, -0.8646565079689026], [-0.03652127832174301, -0.1462567150592804, -0.5449762344360352], [-0.9862373471260071, -0.6310548782348633, -1.1589275598526], [-0.24791616201400757, -0.07158053666353226, -0.685558557510376], [-0.5615211129188538, -0.03318271413445473, -0.31692367792129517], [-0.3292240798473358, -0.22829115390777588, -1.4257506132125854], [-0.43672996759414673, -0.1343311369419098, -0.7467380166053772], [-0.25768160820007324, -0.07185273617506027, -0.5671370625495911], [0.9401958584785461, 0.6569047570228577, 0.06131872534751892], [-0.539173424243927, 0.04452626034617424, -0.17639052867889404], [0.6297293901443481, 0.24265624582767487, -0.15330950915813446]], "rhand_pose": [[0.035095203667879105, -0.3872019350528717, 0.751757800579071], [0.18353644013404846, 0.08267126232385635, 1.0778568983078003], [-0.09740311652421951, 0.13827744126319885, 0.28710809350013733], [-0.3475741744041443, -0.16779673099517822, 1.2009437084197998], [-0.12009627372026443, -0.024812117218971252, 0.9285492300987244], [-0.03866950795054436, 0.11259162425994873, 0.559016227722168], [-0.9171489477157593, 0.6019970774650574, 1.1355457305908203], [-0.24909047782421112, 0.08171512931585312, 0.6259945631027222], [-0.5087956786155701, 0.025443635880947113, 0.30092376470565796], [-0.3341048061847687, 0.23410175740718842, 1.2965062856674194], [-0.4411472976207733, 0.15076154470443726, 0.7867727279663086], [-0.24489371478557587, 0.0702463909983635, 0.5646914839744568], [0.9075765013694763, -0.557875394821167, -0.06817395985126495], [-0.5174871683120728, -0.030114376917481422, 0.18550333380699158], [0.653956413269043, -0.22971701622009277, 0.12723113596439362]], "trans": [-0.1843220740556717, 0.897477388381958, 2.0146772861480713], "focal": [1177.7945556640625, 1177.7945556640625], "princpt": [680.0, 384.0], "img_size_wh": [1360, 768], "pad_ratio": 0.0}