{"betas": [-0.3351477086544037, 0.09259345382452011, 0.16647979617118835, 0.11485256999731064, -0.16843171417713165, -0.2894791066646576, -0.07063467055559158, 0.08852918446063995, -0.25747406482696533, 0.042358651757240295], "root_pose": [3.096810817718506, -0.06730031222105026, -0.0011295450385659933], "body_pose": [[-0.2372879534959793, -0.017563436180353165, 0.03480071946978569], [-0.07033222913742065, 0.016584724187850952, -0.06489570438861847], [0.32741639018058777, 0.034133974462747574, 0.00398322194814682], [0.6036450266838074, 0.032396506518125534, -0.06588919460773468], [0.6001138687133789, 0.010280013084411621, 0.03732575476169586], [0.06155584752559662, 0.027047570794820786, -0.036649368703365326], [-0.17150752246379852, 0.1201157420873642, -0.04437613859772682], [-0.16962864995002747, -0.11165514588356018, 0.031098466366529465], [-0.05462782457470894, 0.04116855934262276, -0.04605447128415108], [0.0047044092789292336, -0.0027949123177677393, 0.0007706352043896914], [0.0103219673037529, 0.0007447807001881301, 0.007475730963051319], [0.1965278685092926, -0.014747838489711285, -0.010587516240775585], [0.0772688165307045, -0.08886213600635529, -0.06350124627351761], [-0.0723167136311531, 0.29762038588523865, -0.07998780161142349], [-0.27497491240501404, 0.03488459438085556, 0.017227334901690483], [0.27259376645088196, -0.09549857676029205, -1.0181593894958496], [0.05619313567876816, 0.45493650436401367, 1.0012348890304565], [-0.3407166600227356, 4.517532825469971, -0.8101639151573181], [0.10301362723112106, 1.7141284942626953, -0.2954302728176117], [-0.7011759877204895, -0.2119617611169815, 0.1341642439365387], [-0.6977365612983704, 0.21000666916370392, -0.4903483986854553]], "jaw_pose": [0.042865101248025894, -0.002304530469700694, -0.0941455289721489], "leye_pose": [0.0, 0.0, 0.0], "reye_pose": [0.0, 0.0, 0.0], "lhand_pose": [[0.042494308203458786, 0.4499282240867615, -0.7813220620155334], [0.18394416570663452, -0.09454623609781265, -1.070210576057434], [-0.09818246960639954, -0.12496955692768097, -0.2643268406391144], [-0.2910640239715576, 0.21603240072727203, -1.2199739217758179], [-0.11990785598754883, 0.014596100896596909, -0.8614547252655029], [-0.0373077318072319, -0.1455465853214264, -0.516727864742279], [-0.8238329887390137, -0.6054708957672119, -0.9393764138221741], [-0.24730493128299713, -0.03872263431549072, -0.6589398980140686], [-0.5261465907096863, -0.03354403004050255, -0.30727893114089966], [-0.28218743205070496, -0.1946740597486496, -1.2387028932571411], [-0.41519930958747864, -0.10372895002365112, -0.7422981858253479], [-0.2632600665092468, -0.09127753227949142, -0.5306240916252136], [0.91498202085495, 0.5734034180641174, 0.06125520169734955], [-0.5765442848205566, 0.05996895954012871, -0.17154958844184875], [0.6430048942565918, 0.22600392997264862, -0.1750822365283966]], "rhand_pose": [[0.0036281330976635218, -0.37148013710975647, 0.8840342164039612], [0.19188672304153442, 0.09362776577472687, 1.2150434255599976], [-0.09705697000026703, 0.15112683176994324, 0.35374152660369873], [-0.3531840741634369, -0.1824391782283783, 1.2997716665267944], [-0.12865526974201202, -0.02486688271164894, 1.0611692667007446], [-0.03821297734975815, 0.12860628962516785, 0.6403169631958008], [-0.9479563236236572, 0.5299527645111084, 1.198940396308899], [-0.3123142123222351, 0.09908623993396759, 0.7454924583435059], [-0.5224730968475342, 0.02804439887404442, 0.41321858763694763], [-0.35697025060653687, 0.233169823884964, 1.364944577217102], [-0.4385632872581482, 0.13068123161792755, 0.9674226641654968], [-0.2632145881652832, 0.09019248932600021, 0.6360740661621094], [0.9218451380729675, -0.5527894496917725, -0.01750849559903145], [-0.5108978748321533, -0.046555981040000916, 0.17436744272708893], [0.680458664894104, -0.2652110755443573, 0.17172588407993317]], "trans": [-0.17956282198429108, 0.826531171798706, 1.9996368885040283], "focal": [1177.7945556640625, 1177.7945556640625], "princpt": [680.0, 384.0], "img_size_wh": [1360, 768], "pad_ratio": 0.0}