{"betas": [-0.3351292014122009, 0.0929725393652916, 0.16657088696956635, 0.11487696319818497, -0.16842977702617645, -0.28961533308029175, -0.07075382769107819, 0.08856459707021713, -0.25750717520713806, 0.042418524622917175], "root_pose": [3.104447364807129, -0.06280019879341125, -0.0014123942237347364], "body_pose": [[-0.19986367225646973, -0.003291674191132188, 0.046619292348623276], [-0.09428920596837997, 0.00795151200145483, -0.07939988374710083], [0.32722920179367065, 0.026478338986635208, 0.007955403067171574], [0.5611846446990967, 0.03568027541041374, -0.059627506881952286], [0.5557976365089417, 0.0008250107639469206, 0.040661368519067764], [0.0607856810092926, 0.029452044516801834, -0.03371620550751686], [-0.159942165017128, 0.112092025578022, -0.044317103922367096], [-0.15881800651550293, -0.12782001495361328, 0.029285868629813194], [-0.0561012327671051, 0.03379324823617935, -0.03657642751932144], [0.0026458422653377056, -0.00391895929351449, -0.0026080680545419455], [0.01017968449741602, -0.0009334732312709093, 0.0048068673349916935], [0.17223793268203735, -0.013924246653914452, -0.003849491709843278], [0.06686864048242569, -0.11829164624214172, -0.05970229580998421], [-0.05986151099205017, 0.27999967336654663, -0.06258546561002731], [-0.27092164754867554, 0.0365348644554615, -0.01695285737514496], [0.25966116786003113, -0.13421404361724854, -1.0385626554489136], [0.05117170512676239, 0.43529728055000305, 1.021891474723816], [-0.4010533094406128, 4.543993949890137, -0.8633477687835693], [0.08447989076375961, 1.6165324449539185, -0.28549546003341675], [-0.593576967716217, -0.19407282769680023, 0.17253345251083374], [-0.737852156162262, 0.3367396891117096, -0.44781631231307983]], "jaw_pose": [0.04900792986154556, -0.0003901789605151862, -0.08671286702156067], "leye_pose": [0.0, 0.0, 0.0], "reye_pose": [0.0, 0.0, 0.0], "lhand_pose": [[0.057247452437877655, 0.4857828915119171, -0.8148276805877686], [0.19114656746387482, -0.09167846292257309, -1.042799711227417], [-0.09828168898820877, -0.12493160367012024, -0.24998342990875244], [-0.2973027229309082, 0.23388728499412537, -1.25754976272583], [-0.11507578939199448, 0.018403178080916405, -0.8362559080123901], [-0.035873882472515106, -0.14727607369422913, -0.49991685152053833], [-0.8908860087394714, -0.5989704728126526, -1.0121419429779053], [-0.22329548001289368, -0.05040600895881653, -0.6474032998085022], [-0.5437617897987366, -0.026024309918284416, -0.2821008563041687], [-0.3002898693084717, -0.19495095312595367, -1.2929844856262207], [-0.4144357144832611, -0.11245384067296982, -0.7079430818557739], [-0.25805404782295227, -0.08526157587766647, -0.5219144821166992], [0.9301609992980957, 0.6233217120170593, 0.03902946785092354], [-0.570229709148407, 0.04986583814024925, -0.16096673905849457], [0.6420618295669556, 0.21418116986751556, -0.16908474266529083]], "rhand_pose": [[0.01906120777130127, -0.3480980694293976, 0.8207031488418579], [0.18888309597969055, 0.08866424858570099, 1.1584728956222534], [-0.09856197237968445, 0.14487583935260773, 0.31995755434036255], [-0.3553145229816437, -0.1639689803123474, 1.239768624305725], [-0.12345701456069946, -0.026409626007080078, 1.0023114681243896], [-0.03685830533504486, 0.12473675608634949, 0.5942832231521606], [-0.936257004737854, 0.5537680387496948, 1.1508607864379883], [-0.2695959806442261, 0.0912235900759697, 0.67649906873703], [-0.5157809257507324, 0.02298199012875557, 0.3452308475971222], [-0.3568057417869568, 0.2355392575263977, 1.3215014934539795], [-0.43341222405433655, 0.14086532592773438, 0.8745720982551575], [-0.2549741864204407, 0.084502674639225, 0.5925007462501526], [0.9264177083969116, -0.5724671483039856, -0.027118634432554245], [-0.5217183232307434, -0.03479898348450661, 0.17543192207813263], [0.6714107990264893, -0.24194560945034027, 0.14937391877174377]], "trans": [-0.1800491213798523, 0.8551356792449951, 2.0039687156677246], "focal": [1177.7945556640625, 1177.7945556640625], "princpt": [680.0, 384.0], "img_size_wh": [1360, 768], "pad_ratio": 0.0}