{"betas": [-0.33520323038101196, 0.09315960854291916, 0.16653884947299957, 0.11496897786855698, -0.16851164400577545, -0.2899312973022461, -0.07097877562046051, 0.08867267519235611, -0.2576000988483429, 0.04241601750254631], "root_pose": [3.1159939765930176, -0.04752592742443085, -0.0021878350526094437], "body_pose": [[-0.16749759018421173, 0.004107407294213772, 0.06049376353621483], [-0.11238773167133331, 0.0027274456806480885, -0.08478910475969315], [0.3227393329143524, 0.01653832197189331, 0.007941611111164093], [0.5179150700569153, 0.03427015244960785, -0.05144428461790085], [0.5094073414802551, -0.005530327558517456, 0.042601898312568665], [0.05788658559322357, 0.025347283110022545, -0.026801040396094322], [-0.15214693546295166, 0.11076413094997406, -0.04342088848352432], [-0.14610794186592102, -0.13742582499980927, 0.027687955647706985], [-0.05781510844826698, 0.02155548520386219, -0.023427773267030716], [0.0008214472327381372, -0.004319518338888884, -0.006781360600143671], [0.00906940083950758, -0.002532512415200472, 0.005024786572903395], [0.1650802195072174, -0.007449901197105646, 0.007025659549981356], [0.05288022756576538, -0.15586690604686737, -0.051632288843393326], [-0.03542506322264671, 0.24177327752113342, -0.049136947840452194], [-0.2687355577945709, 0.04371223971247673, -0.05109855532646179], [0.24111615121364594, -0.18293114006519318, -1.053980827331543], [0.06948437541723251, 0.39674869179725647, 1.0781278610229492], [0.16212545335292816, -1.5417885780334473, 0.3062799274921417], [0.07499595731496811, 1.5416167974472046, -0.27846089005470276], [-0.48786431550979614, -0.18983416259288788, 0.24433085322380066], [-0.7661389708518982, 0.3892173171043396, -0.4237626791000366]], "jaw_pose": [0.05485096201300621, -0.000970236083958298, -0.068338543176651], "leye_pose": [0.0, 0.0, 0.0], "reye_pose": [0.0, 0.0, 0.0], "lhand_pose": [[0.06150200963020325, 0.5419235229492188, -0.8619187474250793], [0.20161007344722748, -0.0923110619187355, -1.045389175415039], [-0.09773935377597809, -0.1318323314189911, -0.24416056275367737], [-0.3082370460033417, 0.25722599029541016, -1.3155765533447266], [-0.11456770449876785, 0.02088780701160431, -0.8273199200630188], [-0.03505478799343109, -0.14795559644699097, -0.503908097743988], [-0.9598921537399292, -0.6103578209877014, -1.1005641222000122], [-0.21596165001392365, -0.06277415156364441, -0.6509355902671814], [-0.5558662414550781, -0.023500313982367516, -0.27600133419036865], [-0.31998273730278015, -0.20657837390899658, -1.363570213317871], [-0.420485258102417, -0.12319903075695038, -0.6983538269996643], [-0.25521573424339294, -0.07906509190797806, -0.5308998227119446], [0.9376645684242249, 0.6635261178016663, 0.038639698177576065], [-0.5591787099838257, 0.04353294149041176, -0.16222627460956573], [0.6413170099258423, 0.22050514817237854, -0.16146613657474518]], "rhand_pose": [[0.03037942387163639, -0.3515511155128479, 0.7713325619697571], [0.18598350882530212, 0.08426172286272049, 1.091349482536316], [-0.09945892542600632, 0.14076165854930878, 0.29059022665023804], [-0.35328781604766846, -0.15824450552463531, 1.1971609592437744], [-0.11974330246448517, -0.02704535238444805, 0.9435943961143494], [-0.037241168320178986, 0.11896882951259613, 0.5589184761047363], [-0.9237975478172302, 0.578806459903717, 1.1290730237960815], [-0.24125613272190094, 0.08430119603872299, 0.6297158002853394], [-0.5110756754875183, 0.020423416048288345, 0.29890692234039307], [-0.34691449999809265, 0.23293687403202057, 1.2917770147323608], [-0.4328669607639313, 0.14607195556163788, 0.797752320766449], [-0.2476532906293869, 0.07648631185293198, 0.5625364780426025], [0.9240652918815613, -0.5798649787902832, -0.042535748332738876], [-0.5259426832199097, -0.02700309455394745, 0.17785590887069702], [0.6655914783477783, -0.226687490940094, 0.13630175590515137]], "trans": [-0.18148280680179596, 0.8812755346298218, 2.0093483924865723], "focal": [1177.7945556640625, 1177.7945556640625], "princpt": [680.0, 384.0], "img_size_wh": [1360, 768], "pad_ratio": 0.0}