{"betas": [-0.3350203335285187, 0.09239806234836578, 0.16660049557685852, 0.11499067395925522, -0.1684826761484146, -0.2893769145011902, -0.07064469903707504, 0.08855283260345459, -0.25737372040748596, 0.04239368438720703], "root_pose": [3.0890541076660156, -0.06526590883731842, 0.0016357688000425696], "body_pose": [[-0.25867027044296265, -0.02776954509317875, 0.03313102573156357], [-0.059994976967573166, 0.023313965648412704, -0.04964056983590126], [0.3263222873210907, 0.03872328996658325, -0.0004123321850784123], [0.6271266341209412, 0.025142157450318336, -0.06944289803504944], [0.6134799122810364, 0.014002565294504166, 0.035608600825071335], [0.06136832758784294, 0.02046780288219452, -0.034309227019548416], [-0.1873357594013214, 0.13158275187015533, -0.0430200956761837], [-0.18041051924228668, -0.09684164077043533, 0.03162559121847153], [-0.053054120391607285, 0.04453180357813835, -0.049536049365997314], [0.006461016833782196, -0.0019834500271826982, 0.002968874294310808], [0.010295716114342213, 0.002377729397267103, 0.011764759197831154], [0.22305525839328766, -0.011502698995172977, -0.014792028814554214], [0.08132863789796829, -0.0788763239979744, -0.06690718978643417], [-0.07631447911262512, 0.304448664188385, -0.09742885828018188], [-0.28374993801116943, 0.03551104664802551, 0.04035322740674019], [0.27585676312446594, -0.08297637850046158, -1.001015305519104], [0.07356308400630951, 0.4574335217475891, 1.0130672454833984], [-0.31025204062461853, 4.520091533660889, -0.7827084064483643], [0.1185259222984314, 1.7872657775878906, -0.3020131587982178], [-0.784554660320282, -0.22017738223075867, 0.13125596940517426], [-0.6840277314186096, 0.11439435929059982, -0.5014445185661316]], "jaw_pose": [0.04058638960123062, -0.005327594932168722, -0.09405455738306046], "leye_pose": [0.0, 0.0, 0.0], "reye_pose": [0.0, 0.0, 0.0], "lhand_pose": [[0.03235334903001785, 0.44414687156677246, -0.7866879105567932], [0.18359068036079407, -0.09886012226343155, -1.1241536140441895], [-0.09831071645021439, -0.1304807811975479, -0.28504014015197754], [-0.2925083041191101, 0.2132948935031891, -1.23101007938385], [-0.12500032782554626, 0.010593969374895096, -0.9062010049819946], [-0.03833138570189476, -0.14589211344718933, -0.5500943660736084], [-0.7993497848510742, -0.6077961921691895, -0.9376010298728943], [-0.2752411663532257, -0.036940786987543106, -0.6909584999084473], [-0.5185756087303162, -0.04203566908836365, -0.33854448795318604], [-0.2784281075000763, -0.19607841968536377, -1.2495133876800537], [-0.42305177450180054, -0.10183597356081009, -0.7956194877624512], [-0.2710919678211212, -0.0957343727350235, -0.5571087002754211], [0.9062116742134094, 0.5414738059043884, 0.08863101899623871], [-0.582563042640686, 0.06826194375753403, -0.1871844232082367], [0.645923912525177, 0.24834699928760529, -0.17625507712364197]], "rhand_pose": [[-0.013141999952495098, -0.3950355350971222, 0.9604601860046387], [0.19689910113811493, 0.09741024672985077, 1.2546257972717285], [-0.099520243704319, 0.15798470377922058, 0.3733314871788025], [-0.3547145128250122, -0.20017318427562714, 1.3526891469955444], [-0.13167278468608856, -0.02352488413453102, 1.1026811599731445], [-0.04006352648139, 0.13300126791000366, 0.6759376525878906], [-0.9617030024528503, 0.514018177986145, 1.2618098258972168], [-0.34353479743003845, 0.10845434665679932, 0.8097080588340759], [-0.5330277681350708, 0.03134285286068916, 0.4662017524242401], [-0.35407233238220215, 0.22996960580348969, 1.416332483291626], [-0.4445358216762543, 0.12263121455907822, 1.0323222875595093], [-0.2688830494880676, 0.09082721918821335, 0.6727867722511292], [0.9247527122497559, -0.5448368787765503, -0.01030748151242733], [-0.5058709979057312, -0.05524994805455208, 0.171831876039505], [0.6920014023780823, -0.2826123535633087, 0.19299004971981049]], "trans": [-0.1759302318096161, 0.8024716377258301, 1.9941983222961426], "focal": [1177.7945556640625, 1177.7945556640625], "princpt": [680.0, 384.0], "img_size_wh": [1360, 768], "pad_ratio": 0.0}