{"betas": [-0.3352099061012268, 0.0928695797920227, 0.16584600508213043, 0.11533158272504807, -0.16839779913425446, -0.2887650430202484, -0.07041072100400925, 0.08892589062452316, -0.25744757056236267, 0.04209008440375328], "root_pose": [3.0717058181762695, 0.0021993082482367754, 0.00815754197537899], "body_pose": [[-0.12473325431346893, 0.003912871237844229, 0.07103301584720612], [-0.24065953493118286, 0.012205209583044052, -0.08947426080703735], [0.3322993814945221, -0.013844240456819534, 0.003421856090426445], [0.5456631779670715, 0.00489468639716506, -0.049519333988428116], [0.6192761659622192, -0.016106052324175835, 0.04718531295657158], [0.09112478792667389, -0.016343753784894943, 0.007406439632177353], [-0.18867704272270203, 0.11919058859348297, -0.03789760172367096], [-0.13475199043750763, -0.06426318734884262, 0.03928663209080696], [-0.061452995985746384, -0.011087947525084019, -0.004073786549270153], [0.0016515263123437762, -0.0045890831388533115, 0.0050170086324214935], [0.012809974141418934, -0.00030177272856235504, 0.014446510002017021], [0.236851766705513, 0.011292402632534504, 0.02406732738018036], [-0.077545166015625, -0.36999276280403137, -0.04356342554092407], [0.08566474914550781, 0.09980224817991257, -0.09447982907295227], [-0.35348308086395264, 0.08487580716609955, -0.06887782365083694], [0.013543430715799332, -0.5045894980430603, -0.9479017853736877], [0.2537814676761627, 0.15522772073745728, 1.219555377960205], [-0.2089070975780487, 4.317111015319824, -0.9911366701126099], [0.12625907361507416, 1.7627607583999634, -0.3430589735507965], [-0.6567330360412598, -0.17675386369228363, 0.20152512192726135], [-0.8106703162193298, 0.11584364622831345, -0.4504985511302948]], "jaw_pose": [0.06472650170326233, -0.03491779416799545, 0.0494542121887207], "leye_pose": [0.0, 0.0, 0.0], "reye_pose": [0.0, 0.0, 0.0], "lhand_pose": [[0.027404775843024254, 0.381812185049057, -0.805808961391449], [0.183943510055542, -0.10445520281791687, -1.1011857986450195], [-0.06755488365888596, -0.1365366131067276, -0.3434174060821533], [-0.29412320256233215, 0.20343410968780518, -1.2639422416687012], [-0.12952744960784912, 0.010538422502577305, -0.9255456924438477], [-0.044600922614336014, -0.1371370106935501, -0.5724058151245117], [-0.7500438690185547, -0.5303287506103516, -1.0052510499954224], [-0.3158031105995178, -0.06815490871667862, -0.7117545008659363], [-0.5475986003875732, -0.06353458762168884, -0.37109172344207764], [-0.2505037188529968, -0.14355894923210144, -1.2966986894607544], [-0.4278618097305298, -0.1246437057852745, -0.8224900364875793], [-0.2806491255760193, -0.08915864676237106, -0.5922061204910278], [0.9434059858322144, 0.38538074493408203, 0.07733893394470215], [-0.5441890954971313, 0.06327956169843674, -0.21620696783065796], [0.6442428231239319, 0.2859024107456207, -0.1557500660419464]], "rhand_pose": [[-0.004491942469030619, -0.40428683161735535, 0.7910605669021606], [0.17734573781490326, 0.06629801541566849, 1.040859341621399], [-0.08444751799106598, 0.12121719866991043, 0.2967259883880615], [-0.32534587383270264, -0.18752765655517578, 1.132279396057129], [-0.11938486993312836, -0.02561524696648121, 0.8738986253738403], [-0.043878260999917984, 0.1101154088973999, 0.5206154584884644], [-0.8261581659317017, 0.6041849255561829, 1.0282607078552246], [-0.2421218603849411, 0.06956523656845093, 0.616192102432251], [-0.497887521982193, 0.017394350841641426, 0.29687851667404175], [-0.2803010642528534, 0.2187672257423401, 1.209152340888977], [-0.41470253467559814, 0.12933355569839478, 0.7818362712860107], [-0.25016602873802185, 0.08017389476299286, 0.5335363745689392], [0.8739635944366455, -0.43532636761665344, -0.11925525218248367], [-0.5318334698677063, -0.05291281268000603, 0.17642773687839508], [0.6441301107406616, -0.2325017899274826, 0.12344168871641159]], "trans": [-0.1437084674835205, 0.7969638705253601, 1.9283313751220703], "focal": [1177.7945556640625, 1177.7945556640625], "princpt": [680.0, 384.0], "img_size_wh": [1360, 768], "pad_ratio": 0.0}