{"betas": [-0.33505964279174805, 0.09351050108671188, 0.1660493016242981, 0.1154627799987793, -0.16823479533195496, -0.2889939248561859, -0.07069489359855652, 0.08901538699865341, -0.25761207938194275, 0.04217350482940674], "root_pose": [3.0827977657318115, -0.008842216804623604, 0.0035059303045272827], "body_pose": [[-0.11485744267702103, 0.004396683536469936, 0.051075875759124756], [-0.2635909914970398, 0.021492667496204376, -0.08717496693134308], [0.3243338465690613, -0.03562800586223602, 0.017652591690421104], [0.574514627456665, 0.005527806002646685, -0.047768477350473404], [0.6289059519767761, -0.00932336039841175, 0.04748990386724472], [0.08999689668416977, -0.014273807406425476, 0.014746620319783688], [-0.21746793389320374, 0.1065824031829834, -0.02915629930794239], [-0.11884019523859024, -0.0800255537033081, 0.04766862466931343], [-0.060793083161115646, -0.03209085762500763, 0.008630986325442791], [0.0010456261225044727, -0.00624293927103281, -0.004339319653809071], [0.01033373735845089, -0.003800732549279928, 0.0030653499998152256], [0.2493901252746582, 0.010055506601929665, 0.02593492902815342], [-0.06642718613147736, -0.35467076301574707, 0.024355294182896614], [0.08974950760602951, 0.020152751356363297, -0.09424152225255966], [-0.3582739531993866, 0.10390111804008484, -0.14996327459812164], [0.03032223880290985, -0.4760277271270752, -0.9637673497200012], [0.2405054122209549, 0.09464417397975922, 1.1962394714355469], [-0.20032867789268494, 4.234714508056641, -0.882858395576477], [0.08191534876823425, 1.7517917156219482, -0.32574909925460815], [-0.7558852434158325, -0.11940078437328339, 0.13756930828094482], [-0.8053473830223083, 0.18224573135375977, -0.28603383898735046]], "jaw_pose": [0.055089596658945084, -0.033960677683353424, 0.026469290256500244], "leye_pose": [0.0, 0.0, 0.0], "reye_pose": [0.0, 0.0, 0.0], "lhand_pose": [[0.03344784304499626, 0.3070933222770691, -0.7674708366394043], [0.17133747041225433, -0.10836775600910187, -1.1372257471084595], [-0.060777295380830765, -0.1330370306968689, -0.384531706571579], [-0.2927359640598297, 0.19846351444721222, -1.2563693523406982], [-0.12352454662322998, 0.007649079896509647, -0.9624314308166504], [-0.04818364232778549, -0.13974934816360474, -0.6055341362953186], [-0.8133121728897095, -0.39626961946487427, -1.098046898841858], [-0.2989756762981415, -0.07577741146087646, -0.7544021010398865], [-0.5753127932548523, -0.04982239753007889, -0.39423125982284546], [-0.26565101742744446, -0.10315196216106415, -1.3323016166687012], [-0.42603978514671326, -0.10915347933769226, -0.880308985710144], [-0.29339924454689026, -0.09230709820985794, -0.6164175271987915], [0.9473081827163696, 0.2933902144432068, 0.0568547286093235], [-0.5491342544555664, 0.056291379034519196, -0.2113131284713745], [0.6520041823387146, 0.27412721514701843, -0.15335486829280853]], "rhand_pose": [[-0.0018580001778900623, -0.3785821497440338, 0.763407289981842], [0.18206851184368134, 0.05574030056595802, 0.9588396549224854], [-0.08527671545743942, 0.12132782489061356, 0.2683888077735901], [-0.31532350182533264, -0.1561654508113861, 1.0551679134368896], [-0.11271929740905762, -0.026714319363236427, 0.8008848428726196], [-0.03737925738096237, 0.09993346035480499, 0.4665837287902832], [-0.7938947081565857, 0.6053783297538757, 0.9305136799812317], [-0.21646931767463684, 0.05333980172872543, 0.5546202659606934], [-0.4788751006126404, 0.009248150512576103, 0.24966023862361908], [-0.25632497668266296, 0.21841773390769958, 1.0998883247375488], [-0.4001583456993103, 0.12719501554965973, 0.6832977533340454], [-0.24226678907871246, 0.07442367821931839, 0.4944181740283966], [0.8667020797729492, -0.4564867913722992, -0.1139073446393013], [-0.5547752976417542, -0.04740848392248154, 0.17762216925621033], [0.6518760919570923, -0.22170038521289825, 0.09333974123001099]], "trans": [-0.13445627689361572, 0.7657634615898132, 1.906994104385376], "focal": [1177.7945556640625, 1177.7945556640625], "princpt": [680.0, 384.0], "img_size_wh": [1360, 768], "pad_ratio": 0.0}