{"betas": [-0.3349442780017853, 0.09246445447206497, 0.1660947948694229, 0.11518348753452301, -0.16864024102687836, -0.28908416628837585, -0.07068000733852386, 0.08865397423505783, -0.2573988735675812, 0.042246825993061066], "root_pose": [3.048370122909546, -0.02951481007039547, 0.015006511472165585], "body_pose": [[-0.1921786367893219, -0.004422877449542284, 0.07235976308584213], [-0.15521690249443054, 0.0036521079018712044, -0.07069095969200134], [0.3353293836116791, 0.025975143536925316, -0.011893496848642826], [0.5477405786514282, 0.015376720577478409, -0.0615721233189106], [0.5494973063468933, -0.01663248986005783, 0.04231853038072586], [0.06638209521770477, 0.0022850192617625, -0.029614996165037155], [-0.16196700930595398, 0.12816260755062103, -0.04829423874616623], [-0.14631980657577515, -0.09647421538829803, 0.030947715044021606], [-0.04901807755231857, 0.030801543965935707, -0.045191965997219086], [0.006237913388758898, -0.003079258603975177, 0.0012618708424270153], [0.013168769888579845, 0.0006271703750826418, 0.014425274915993214], [0.21170678734779358, -0.004412355832755566, -0.002671548631042242], [0.06824727356433868, -0.17996346950531006, -0.06826149672269821], [-0.0028746668249368668, 0.2778760492801666, -0.10469340533018112], [-0.3043461740016937, 0.0419546402990818, 0.037405647337436676], [0.24287866055965424, -0.1919882893562317, -0.9895658493041992], [0.18748557567596436, 0.3775102198123932, 1.0936228036880493], [-0.30484333634376526, 4.614621162414551, -0.7697628736495972], [0.17514382302761078, 1.7797789573669434, -0.26006489992141724], [-0.8685066103935242, -0.1944616138935089, 0.29584750533103943], [-0.8030158877372742, 0.29698893427848816, -0.544890284538269]], "jaw_pose": [0.04678995534777641, -0.009533691219985485, -0.06141320988535881], "leye_pose": [0.0, 0.0, 0.0], "reye_pose": [0.0, 0.0, 0.0], "lhand_pose": [[0.027903962880373, 0.4631032943725586, -0.7905746698379517], [0.19095313549041748, -0.09968803822994232, -1.1185250282287598], [-0.09519854187965393, -0.13781553506851196, -0.2900513708591461], [-0.29157647490501404, 0.22656476497650146, -1.25852632522583], [-0.12869718670845032, 0.01395037304610014, -0.9048642516136169], [-0.03685711696743965, -0.14469434320926666, -0.5555064678192139], [-0.7816901206970215, -0.6040010452270508, -0.9819873571395874], [-0.2816484272480011, -0.056578129529953, -0.6974695920944214], [-0.524605929851532, -0.04908730462193489, -0.33738288283348083], [-0.27058979868888855, -0.19408367574214935, -1.2963926792144775], [-0.4289022982120514, -0.11361704021692276, -0.7994375228881836], [-0.26867085695266724, -0.09274639934301376, -0.5695904493331909], [0.9154022336006165, 0.5244396328926086, 0.08005934953689575], [-0.5671287178993225, 0.06905840337276459, -0.1889537125825882], [0.6414748430252075, 0.256147563457489, -0.1689504086971283]], "rhand_pose": [[-0.006196888163685799, -0.38408181071281433, 0.8924033641815186], [0.19255748391151428, 0.08964704722166061, 1.171118140220642], [-0.1070178672671318, 0.14187446236610413, 0.3195945620536804], [-0.34575873613357544, -0.18604359030723572, 1.2624602317810059], [-0.12978357076644897, -0.02145424112677574, 1.004110336303711], [-0.03929148241877556, 0.12894870340824127, 0.6022810935974121], [-0.8814035058021545, 0.6068702936172485, 1.1271387338638306], [-0.295991986989975, 0.09259694814682007, 0.7125542759895325], [-0.5094244480133057, 0.027122262865304947, 0.3737691044807434], [-0.3308973014354706, 0.2503517270088196, 1.3338260650634766], [-0.4322415292263031, 0.13504603505134583, 0.9170920252799988], [-0.25961706042289734, 0.0885782316327095, 0.5970849394798279], [0.9097345471382141, -0.5227940082550049, -0.03744109347462654], [-0.5140150189399719, -0.05949263647198677, 0.16017958521842957], [0.6727684140205383, -0.2526104748249054, 0.1931423395872116]], "trans": [-0.17232751846313477, 0.8029481172561646, 1.9579567909240723], "focal": [1177.7945556640625, 1177.7945556640625], "princpt": [680.0, 384.0], "img_size_wh": [1360, 768], "pad_ratio": 0.0}