{"betas": [-0.3350205421447754, 0.09257407486438751, 0.16618949174880981, 0.11526741087436676, -0.16866226494312286, -0.28884661197662354, -0.07042155414819717, 0.08871924877166748, -0.257271945476532, 0.04223280027508736], "root_pose": [3.0502400398254395, -0.012279463931918144, 0.007207855582237244], "body_pose": [[-0.13412007689476013, 0.015812940895557404, 0.08409836888313293], [-0.17963701486587524, -0.007044471800327301, -0.09779243916273117], [0.3293265998363495, 0.008841347880661488, -0.012007498182356358], [0.4970684051513672, 0.02424854412674904, -0.055634401738643646], [0.537920355796814, -0.026415497064590454, 0.04334314540028572], [0.06817787885665894, -0.007954728789627552, -0.01760270446538925], [-0.1494545191526413, 0.12362853437662125, -0.04621696099638939], [-0.11092161387205124, -0.09307529777288437, 0.03586166724562645], [-0.06229789927601814, 0.01011867355555296, -0.02878871001303196], [0.0028697967063635588, -0.005017184652388096, 0.0038162150885909796], [0.012445398606359959, -0.0006184512167237699, 0.016310881823301315], [0.21498189866542816, 0.010700098238885403, 0.014960572123527527], [0.020792271941900253, -0.3211412727832794, -0.0937618538737297], [0.06201963871717453, 0.2186702936887741, -0.07413457334041595], [-0.3165450394153595, 0.06323716044425964, 0.018124615773558617], [0.1465373933315277, -0.36329078674316406, -0.9790130853652954], [0.24885746836662292, 0.2927422821521759, 1.197539210319519], [-0.3057910203933716, 4.595651149749756, -0.8242008090019226], [0.18350347876548767, 1.7169287204742432, -0.2733307480812073], [-0.725972056388855, -0.2428671270608902, 0.4768505394458771], [-0.7828916311264038, 0.23351752758026123, -0.6386378407478333]], "jaw_pose": [0.053251106292009354, -0.01852516084909439, -0.0004965529078617692], "leye_pose": [0.0, 0.0, 0.0], "reye_pose": [0.0, 0.0, 0.0], "lhand_pose": [[0.034746889024972916, 0.44511890411376953, -0.7283721566200256], [0.18944627046585083, -0.10147042572498322, -1.0686347484588623], [-0.08206082880496979, -0.1378001719713211, -0.29492565989494324], [-0.3027389943599701, 0.2188599854707718, -1.258432388305664], [-0.13024213910102844, 0.011610876768827438, -0.8909320831298828], [-0.03840383142232895, -0.13786660134792328, -0.5448258519172668], [-0.7504763603210449, -0.6204063892364502, -0.9407543540000916], [-0.2933740019798279, -0.06506053358316422, -0.6710373163223267], [-0.528731644153595, -0.058339674025774, -0.3271707594394684], [-0.2620832920074463, -0.19404299557209015, -1.2715684175491333], [-0.4325297474861145, -0.13019005954265594, -0.7746366262435913], [-0.26654312014579773, -0.08678054809570312, -0.5618025064468384], [0.9227433800697327, 0.53314208984375, 0.08495273441076279], [-0.5486261248588562, 0.06226738914847374, -0.18802069127559662], [0.6292382478713989, 0.25864189863204956, -0.1580190807580948]], "rhand_pose": [[0.0077821798622608185, -0.41162753105163574, 0.7656635642051697], [0.1825881451368332, 0.07450178265571594, 0.9986726641654968], [-0.10189880430698395, 0.12480606138706207, 0.2648799419403076], [-0.3329443335533142, -0.18729697167873383, 1.1120216846466064], [-0.12465814501047134, -0.024557502940297127, 0.8542584776878357], [-0.03938218951225281, 0.12199494987726212, 0.5149194598197937], [-0.8501155376434326, 0.6410451531410217, 1.023344874382019], [-0.2287731170654297, 0.07290090620517731, 0.5972340703010559], [-0.4928611218929291, 0.017364725470542908, 0.27569758892059326], [-0.2987965941429138, 0.23578676581382751, 1.21083402633667], [-0.4157261252403259, 0.1345055252313614, 0.7357391715049744], [-0.24449172616004944, 0.08522327989339828, 0.5176375508308411], [0.885297417640686, -0.5187599658966064, -0.08792784810066223], [-0.517651379108429, -0.055889032781124115, 0.15450820326805115], [0.6413349509239197, -0.22432395815849304, 0.165958970785141]], "trans": [-0.15873953700065613, 0.835297703742981, 1.936853051185608], "focal": [1177.7945556640625, 1177.7945556640625], "princpt": [680.0, 384.0], "img_size_wh": [1360, 768], "pad_ratio": 0.0}