{"betas": [-0.33531123399734497, 0.09303528070449829, 0.16590067744255066, 0.11541049182415009, -0.16838915646076202, -0.2889789938926697, -0.07056747376918793, 0.08901473134756088, -0.25756368041038513, 0.042105965316295624], "root_pose": [3.0787835121154785, -0.0032139320392161608, 0.005241789855062962], "body_pose": [[-0.11978765577077866, 0.0017752954736351967, 0.059112273156642914], [-0.25725382566452026, 0.019145537167787552, -0.08621755242347717], [0.3321620225906372, -0.025355665013194084, 0.011367438361048698], [0.5684890151023865, 0.0025485085789114237, -0.0477590449154377], [0.6327149271965027, -0.011759696528315544, 0.04706687480211258], [0.09160079061985016, -0.015199712477624416, 0.012167751789093018], [-0.208937868475914, 0.11131863296031952, -0.033253587782382965], [-0.13467246294021606, -0.06996530294418335, 0.04307309538125992], [-0.06186342239379883, -0.022278916090726852, 0.003495021490380168], [0.0014607614139094949, -0.005237019620835781, 0.0008853932959027588], [0.011567450128495693, -0.0023127030581235886, 0.008146010339260101], [0.24123020470142365, 0.010888014920055866, 0.0263978261500597], [-0.0768626257777214, -0.36492571234703064, -0.004358221311122179], [0.08797277510166168, 0.06056276336312294, -0.0964258536696434], [-0.3538095951080322, 0.09421846270561218, -0.11077095568180084], [0.011612657457590103, -0.4986213445663452, -0.9547615647315979], [0.24742591381072998, 0.1238340511918068, 1.2071791887283325], [-0.18658263981342316, 4.257138252258301, -0.9454665780067444], [0.1073700413107872, 1.7632062435150146, -0.33930104970932007], [-0.7148738503456116, -0.13833706080913544, 0.15770556032657623], [-0.7919403314590454, 0.15385262668132782, -0.3664528727531433]], "jaw_pose": [0.058864932507276535, -0.03541066497564316, 0.038036130368709564], "leye_pose": [0.0, 0.0, 0.0], "reye_pose": [0.0, 0.0, 0.0], "lhand_pose": [[0.03123835287988186, 0.33208826184272766, -0.786232590675354], [0.17449839413166046, -0.10727369040250778, -1.131658673286438], [-0.0618332177400589, -0.13337935507297516, -0.3767639696598053], [-0.2934693992137909, 0.20036500692367554, -1.2579820156097412], [-0.1270540952682495, 0.008156485855579376, -0.9569408297538757], [-0.04711328074336052, -0.13827477395534515, -0.600422203540802], [-0.7844384908676147, -0.44421517848968506, -1.0655367374420166], [-0.3155534565448761, -0.07477980107069016, -0.7489598393440247], [-0.5634946823120117, -0.057218726724386215, -0.4010055959224701], [-0.2580208480358124, -0.11266528815031052, -1.3209642171859741], [-0.42846229672431946, -0.1137046217918396, -0.8721141219139099], [-0.28969478607177734, -0.0911567360162735, -0.61611008644104], [0.9479386210441589, 0.31470435857772827, 0.06420406699180603], [-0.5448911786079407, 0.059141606092453, -0.21614430844783783], [0.651195764541626, 0.28329387307167053, -0.15604262053966522]], "rhand_pose": [[-0.00568297877907753, -0.3829045593738556, 0.7814543843269348], [0.17798475921154022, 0.05983880162239075, 1.0181647539138794], [-0.08231490105390549, 0.12031880766153336, 0.2960692048072815], [-0.3201602101325989, -0.17021290957927704, 1.0959237813949585], [-0.11654659360647202, -0.024166803807020187, 0.8593863248825073], [-0.0413704514503479, 0.10369735956192017, 0.5072016716003418], [-0.8057892322540283, 0.5932074785232544, 0.9875935912132263], [-0.23973731696605682, 0.06340520828962326, 0.6011990904808044], [-0.4921937584877014, 0.014871136285364628, 0.29138240218162537], [-0.26805055141448975, 0.214997336268425, 1.15945303440094], [-0.4094950556755066, 0.12777332961559296, 0.7615499496459961], [-0.24863594770431519, 0.0781889334321022, 0.5270122289657593], [0.87173992395401, -0.4297308325767517, -0.11505076289176941], [-0.5419852137565613, -0.050356391817331314, 0.18098685145378113], [0.6492563486099243, -0.23040913045406342, 0.1044592410326004]], "trans": [-0.13629771769046783, 0.776235818862915, 1.9205644130706787], "focal": [1177.7945556640625, 1177.7945556640625], "princpt": [680.0, 384.0], "img_size_wh": [1360, 768], "pad_ratio": 0.0}