{"betas": [-0.33492511510849, 0.09266844391822815, 0.16611798107624054, 0.11518807709217072, -0.16866008937358856, -0.28896355628967285, -0.07057362049818039, 0.08874393254518509, -0.2573167085647583, 0.042286936193704605], "root_pose": [3.0468928813934326, -0.022435393184423447, 0.009239569306373596], "body_pose": [[-0.16692331433296204, 0.006682804320007563, 0.08249245584011078], [-0.1781153827905655, -0.003827570704743266, -0.08628711849451065], [0.33634719252586365, 0.016669055446982384, -0.012303388677537441], [0.5182487964630127, 0.0206216499209404, -0.05853398144245148], [0.5386955738067627, -0.026186220347881317, 0.04344499483704567], [0.06533487141132355, -0.0029569840990006924, -0.024691840633749962], [-0.14930814504623413, 0.12206349521875381, -0.04894708842039108], [-0.1261354237794876, -0.09947917610406876, 0.032280776649713516], [-0.05636361986398697, 0.01980595476925373, -0.03712165355682373], [0.004560364875942469, -0.00388970784842968, 0.002043043030425906], [0.013331922702491283, -0.00047534637269563973, 0.015051180496811867], [0.2052026391029358, 0.0036831789184361696, 0.007402078714221716], [0.05161040276288986, -0.25433531403541565, -0.07891268283128738], [0.03571062162518501, 0.2534118592739105, -0.0869421660900116], [-0.3076183795928955, 0.05339869111776352, 0.028797198086977005], [0.20403775572776794, -0.2716861665248871, -0.9868510365486145], [0.22750651836395264, 0.3385826349258423, 1.1487975120544434], [0.10454276204109192, -1.5514909029006958, 0.25829026103019714], [0.18562813103199005, 1.7381025552749634, -0.2539568841457367], [-0.8242586851119995, -0.23670901358127594, 0.39902761578559875], [-0.8136457204818726, 0.31446248292922974, -0.5913830399513245]], "jaw_pose": [0.049527011811733246, -0.012740489095449448, -0.035521335899829865], "leye_pose": [0.0, 0.0, 0.0], "reye_pose": [0.0, 0.0, 0.0], "lhand_pose": [[0.02701709233224392, 0.46371209621429443, -0.7810868620872498], [0.1928856074810028, -0.10331988334655762, -1.1175332069396973], [-0.08956398069858551, -0.1389102190732956, -0.29621461033821106], [-0.3002658486366272, 0.226759672164917, -1.2748730182647705], [-0.12956209480762482, 0.011929214000701904, -0.9032357335090637], [-0.037721507251262665, -0.14123380184173584, -0.558512806892395], [-0.773385763168335, -0.6152175664901733, -0.9773837327957153], [-0.29472339153289795, -0.06506306678056717, -0.6946706175804138], [-0.5271950960159302, -0.05508654937148094, -0.34211841225624084], [-0.2697641849517822, -0.1992465704679489, -1.3002371788024902], [-0.43371808528900146, -0.12355861812829971, -0.79654461145401], [-0.2679361402988434, -0.08698931336402893, -0.574180006980896], [0.9143047332763672, 0.5248867869377136, 0.08740101009607315], [-0.5536562204360962, 0.06534713506698608, -0.189937025308609], [0.6302229762077332, 0.2586517035961151, -0.16069932281970978]], "rhand_pose": [[-0.000989652588032186, -0.409603089094162, 0.84108567237854], [0.19054986536502838, 0.0825711041688919, 1.0883972644805908], [-0.10682187974452972, 0.13272002339363098, 0.28371182084083557], [-0.3397022485733032, -0.18381951749324799, 1.1872984170913696], [-0.1279441863298416, -0.02257860079407692, 0.9225170612335205], [-0.038703471422195435, 0.12476544082164764, 0.5516065955162048], [-0.8621742725372314, 0.6366331577301025, 1.0598864555358887], [-0.2584382891654968, 0.08154387772083282, 0.6454049944877625], [-0.49846985936164856, 0.02185947820544243, 0.31609779596328735], [-0.31699928641319275, 0.25177839398384094, 1.2686842679977417], [-0.4256942868232727, 0.1390625238418579, 0.8149421215057373], [-0.2502073049545288, 0.08506503701210022, 0.5493829846382141], [0.8953487873077393, -0.530256450176239, -0.06810455769300461], [-0.5152443647384644, -0.057209935039281845, 0.15989048779010773], [0.6519935727119446, -0.2366405725479126, 0.17590557038784027]], "trans": [-0.16372917592525482, 0.8214185237884521, 1.9466856718063354], "focal": [1177.7945556640625, 1177.7945556640625], "princpt": [680.0, 384.0], "img_size_wh": [1360, 768], "pad_ratio": 0.0}