{"betas": [-0.33512794971466064, 0.0937831923365593, 0.1661098599433899, 0.1153009906411171, -0.16806845366954803, -0.28922736644744873, -0.07077271491289139, 0.08900048583745956, -0.25769469141960144, 0.04217015206813812], "root_pose": [3.085390329360962, -0.016077466309070587, 0.0020214635878801346], "body_pose": [[-0.11597743630409241, 0.009012114256620407, 0.05079194903373718], [-0.25663554668426514, 0.019811220467090607, -0.08913740515708923], [0.3121815621852875, -0.04217781499028206, 0.021694334223866463], [0.5589999556541443, 0.009786986745893955, -0.04819561541080475], [0.6007282733917236, -0.008366971276700497, 0.04654794931411743], [0.08915110677480698, -0.01617182418704033, 0.016993775963783264], [-0.21389435231685638, 0.1084270030260086, -0.02629769593477249], [-0.1023225486278534, -0.08989910036325455, 0.049493029713630676], [-0.05632093921303749, -0.037879347801208496, 0.012268020771443844], [0.0005951987695880234, -0.006842353846877813, -0.00814038421958685], [0.010171502828598022, -0.003901935648173094, 0.0023963528219610453], [0.2536020576953888, 0.009554320946335793, 0.022696897387504578], [-0.04819704592227936, -0.3389533460140228, 0.036368466913700104], [0.08925162255764008, -0.011137201450765133, -0.09762189537286758], [-0.3637942671775818, 0.10940521210432053, -0.1765502691268921], [0.06701567769050598, -0.44101691246032715, -0.9682788848876953], [0.2286113053560257, 0.07721047848463058, 1.1927244663238525], [-0.2562742233276367, 4.263274192810059, -0.8222638964653015], [0.0491887629032135, 1.7297381162643433, -0.3171672224998474], [-0.7791807651519775, -0.18462125957012177, 0.13295461237430573], [-0.8592991232872009, 0.18149778246879578, -0.19256985187530518]], "jaw_pose": [0.05527982860803604, -0.03243013843894005, 0.021775780245661736], "leye_pose": [0.0, 0.0, 0.0], "reye_pose": [0.0, 0.0, 0.0], "lhand_pose": [[0.027233624830842018, 0.32347825169563293, -0.7616645693778992], [0.17705152928829193, -0.10620041191577911, -1.1059789657592773], [-0.0664953961968422, -0.13133490085601807, -0.35463494062423706], [-0.2885850965976715, 0.1940562129020691, -1.2525982856750488], [-0.11866224557161331, 0.00735023058950901, -0.9091473817825317], [-0.047584231942892075, -0.1405254453420639, -0.567798912525177], [-0.7999430894851685, -0.432204931974411, -1.0636262893676758], [-0.2643994390964508, -0.06427303701639175, -0.6984067559242249], [-0.5739330053329468, -0.04433649033308029, -0.3354576528072357], [-0.26750290393829346, -0.12365923076868057, -1.3122577667236328], [-0.4157249331474304, -0.11358145624399185, -0.8111599087715149], [-0.2869444489479065, -0.09370972216129303, -0.5737695097923279], [0.9323008060455322, 0.33238452672958374, 0.07115799933671951], [-0.5608083009719849, 0.055945973843336105, -0.20414553582668304], [0.6433556079864502, 0.2576107680797577, -0.14342167973518372]], "rhand_pose": [[0.0033708103001117706, -0.3989023268222809, 0.7745299935340881], [0.19237445294857025, 0.055458929389715195, 0.8984506130218506], [-0.09317927807569504, 0.1259004771709442, 0.2275075763463974], [-0.31287094950675964, -0.15276870131492615, 1.054061770439148], [-0.10819924622774124, -0.034326061606407166, 0.7254602909088135], [-0.03396092727780342, 0.10035616159439087, 0.42010581493377686], [-0.8061914443969727, 0.6239096522331238, 0.9057906270027161], [-0.18237778544425964, 0.04336903244256973, 0.5003044605255127], [-0.4680197834968567, 0.004505803342908621, 0.19509941339492798], [-0.2560952603816986, 0.2261570245027542, 1.08347749710083], [-0.39460819959640503, 0.13200534880161285, 0.582097053527832], [-0.2352190911769867, 0.07046283781528473, 0.4554325044155121], [0.863313615322113, -0.5160242915153503, -0.11002764105796814], [-0.5639978647232056, -0.04162443056702614, 0.17227014899253845], [0.6482899785041809, -0.21209357678890228, 0.09175274521112442]], "trans": [-0.13520225882530212, 0.7690920829772949, 1.8907833099365234], "focal": [1177.7945556640625, 1177.7945556640625], "princpt": [680.0, 384.0], "img_size_wh": [1360, 768], "pad_ratio": 0.0}