{"betas": [-0.33504533767700195, 0.09248657524585724, 0.1663047820329666, 0.11511923372745514, -0.16850724816322327, -0.28917714953422546, -0.07065822929143906, 0.08860179781913757, -0.2574407458305359, 0.04232831299304962], "root_pose": [3.058481216430664, -0.040552254766225815, 0.01511750090867281], "body_pose": [[-0.21670351922512054, -0.015550078824162483, 0.05806481093168259], [-0.1168384924530983, 0.012638582848012447, -0.05656574293971062], [0.3297059237957001, 0.03400358930230141, -0.008770957589149475], [0.5845173001289368, 0.014789970591664314, -0.06538205593824387], [0.569381833076477, -0.004166238009929657, 0.04078478738665581], [0.06497287005186081, 0.00813700444996357, -0.030687570571899414], [-0.18151158094406128, 0.13653044402599335, -0.04443702846765518], [-0.16529031097888947, -0.09234295040369034, 0.030775412917137146], [-0.047483138740062714, 0.03935837745666504, -0.048449303954839706], [0.007120831403881311, -0.0026457307394593954, 0.002089665737003088], [0.012253967113792896, 0.0021702677477151155, 0.014552945271134377], [0.22800827026367188, -0.008680447936058044, -0.010588607750833035], [0.07687228173017502, -0.12524352967739105, -0.06208260729908943], [-0.04014947637915611, 0.29354119300842285, -0.11471609026193619], [-0.3029274344444275, 0.035994429141283035, 0.042529646307229996], [0.2624695599079132, -0.137063667178154, -0.9937723278999329], [0.1410430371761322, 0.41334015130996704, 1.0579769611358643], [-0.2980209290981293, 4.57720422744751, -0.7787173390388489], [0.1560928076505661, 1.8119102716445923, -0.27978989481925964], [-0.8794437646865845, -0.1786574274301529, 0.21937844157218933], [-0.7539373636245728, 0.20014439523220062, -0.5202481150627136]], "jaw_pose": [0.04445495083928108, -0.00810445100069046, -0.08002467453479767], "leye_pose": [0.0, 0.0, 0.0], "reye_pose": [0.0, 0.0, 0.0], "lhand_pose": [[0.030377646908164024, 0.45218193531036377, -0.7949184775352478], [0.18843483924865723, -0.09854550659656525, -1.1309127807617188], [-0.09760384261608124, -0.13737048208713531, -0.29186683893203735], [-0.2905105650424957, 0.22183294594287872, -1.2507331371307373], [-0.12786847352981567, 0.013291622512042522, -0.9190171957015991], [-0.03665754944086075, -0.14743556082248688, -0.562175989151001], [-0.7927518486976624, -0.5976181030273438, -0.9821038842201233], [-0.278918981552124, -0.04869365319609642, -0.7051937580108643], [-0.5244481563568115, -0.04642138630151749, -0.34097936749458313], [-0.2744326591491699, -0.19109828770160675, -1.2941035032272339], [-0.4271133542060852, -0.10762746632099152, -0.8111388087272644], [-0.27221065759658813, -0.09773994982242584, -0.5713125467300415], [0.9178765416145325, 0.5301851034164429, 0.08276408165693283], [-0.5798978805541992, 0.07108844071626663, -0.19100049138069153], [0.6496859192848206, 0.2589554786682129, -0.17493148148059845]], "rhand_pose": [[-0.010476700030267239, -0.3684949278831482, 0.9345055222511292], [0.19391509890556335, 0.09521548449993134, 1.225620150566101], [-0.10574977844953537, 0.15098059177398682, 0.3531353175640106], [-0.3516223728656769, -0.1932419240474701, 1.3164985179901123], [-0.13042207062244415, -0.021746601909399033, 1.0690237283706665], [-0.04009101912379265, 0.13340193033218384, 0.6514512300491333], [-0.9122068881988525, 0.5570964217185974, 1.2093145847320557], [-0.32763585448265076, 0.10374719649553299, 0.780279815196991], [-0.5246971249580383, 0.03103952296078205, 0.43282246589660645], [-0.3393388092517853, 0.23858964443206787, 1.3897705078125], [-0.43827366828918457, 0.12644261121749878, 0.9950857162475586], [-0.266683965921402, 0.0904528945684433, 0.6455754041671753], [0.9239633679389954, -0.520173192024231, -0.009874604642391205], [-0.51164311170578, -0.05995356664061546, 0.16073153913021088], [0.6909777522087097, -0.2690961956977844, 0.20384067296981812]], "trans": [-0.17472140491008759, 0.7900335192680359, 1.9702808856964111], "focal": [1177.7945556640625, 1177.7945556640625], "princpt": [680.0, 384.0], "img_size_wh": [1360, 768], "pad_ratio": 0.0}