{"betas": [-0.3350760042667389, 0.09270359575748444, 0.1659969687461853, 0.11526521295309067, -0.1686517745256424, -0.2889363169670105, -0.0703631341457367, 0.08884160965681076, -0.2573125958442688, 0.042212698608636856], "root_pose": [3.056342840194702, -0.0014029151061549783, 0.009526916779577732], "body_pose": [[-0.11547163873910904, 0.01832682080566883, 0.0827120766043663], [-0.18716125190258026, -0.005032867658883333, -0.10097415745258331], [0.3241342008113861, 0.00278671202249825, -0.00989353097975254], [0.4935063123703003, 0.02120991423726082, -0.0533587783575058], [0.5563520193099976, -0.023095116019248962, 0.04413236305117607], [0.07716970890760422, -0.012743360362946987, -0.008974049240350723], [-0.15626570582389832, 0.12696224451065063, -0.04348132386803627], [-0.10817928612232208, -0.08006424456834793, 0.038877636194229126], [-0.06272661685943604, 0.0036193474661558867, -0.02136276289820671], [0.002071263501420617, -0.005385451018810272, 0.005525272339582443], [0.01202748715877533, -8.418157085543498e-05, 0.017626356333494186], [0.2276497185230255, 0.013428039848804474, 0.01858179271221161], [-0.024751681834459305, -0.35894182324409485, -0.10023301094770432], [0.07522561401128769, 0.17759084701538086, -0.07317398488521576], [-0.33319535851478577, 0.07138317823410034, -0.00023528069141320884], [0.0841069296002388, -0.4419369399547577, -0.9640938639640808], [0.2562168538570404, 0.2407267838716507, 1.2212878465652466], [-0.285105437040329, 4.505640029907227, -0.9237101674079895], [0.1672208458185196, 1.7295037508010864, -0.3035280108451843], [-0.6153994798660278, -0.21555723249912262, 0.44488146901130676], [-0.7877410054206848, 0.13612887263298035, -0.6230844259262085]], "jaw_pose": [0.06052627041935921, -0.025212232023477554, 0.03193451464176178], "leye_pose": [0.0, 0.0, 0.0], "reye_pose": [0.0, 0.0, 0.0], "lhand_pose": [[0.039039961993694305, 0.4375838339328766, -0.710906982421875], [0.1871587336063385, -0.09774520248174667, -1.024574875831604], [-0.07642228156328201, -0.1371680647134781, -0.29227420687675476], [-0.29804620146751404, 0.2122945636510849, -1.249027967453003], [-0.1307104229927063, 0.013616898097097874, -0.8836475014686584], [-0.0395556278526783, -0.13564522564411163, -0.528615415096283], [-0.7230955362319946, -0.6237102746963501, -0.909242570400238], [-0.2907615900039673, -0.060299042612314224, -0.6505722999572754], [-0.5281956195831299, -0.061272572726011276, -0.313538521528244], [-0.2500980496406555, -0.18460500240325928, -1.247287392616272], [-0.42832958698272705, -0.13336268067359924, -0.7559751272201538], [-0.2656422257423401, -0.08847363293170929, -0.5481711626052856], [0.9314680695533752, 0.5207476615905762, 0.08364234119653702], [-0.5478509664535522, 0.06449875980615616, -0.1924503743648529], [0.6335825324058533, 0.26479750871658325, -0.1580914705991745]], "rhand_pose": [[0.008962947875261307, -0.4151582717895508, 0.7487075924873352], [0.1765311062335968, 0.0716259703040123, 0.9941198229789734], [-0.09401237219572067, 0.12314645946025848, 0.27233338356018066], [-0.3317563831806183, -0.1997712105512619, 1.1150987148284912], [-0.12289712578058243, -0.02477565035223961, 0.8488677740097046], [-0.04164458438754082, 0.1200111135840416, 0.5129126310348511], [-0.851312518119812, 0.6373707056045532, 1.042492389678955], [-0.22853536903858185, 0.07296212762594223, 0.5972396731376648], [-0.49492838978767395, 0.01741103082895279, 0.27441349625587463], [-0.29312267899513245, 0.22452880442142487, 1.2185070514678955], [-0.41267678141593933, 0.1302347183227539, 0.7388607263565063], [-0.2463316023349762, 0.0860825777053833, 0.519139289855957], [0.8797646760940552, -0.4930238425731659, -0.10632668435573578], [-0.5201789140701294, -0.05682627484202385, 0.15592850744724274], [0.638989269733429, -0.22488363087177277, 0.15980789065361023]], "trans": [-0.1571219563484192, 0.8354964852333069, 1.9321367740631104], "focal": [1177.7945556640625, 1177.7945556640625], "princpt": [680.0, 384.0], "img_size_wh": [1360, 768], "pad_ratio": 0.0}