{"betas": [-0.33519649505615234, 0.09258236736059189, 0.16593724489212036, 0.11532425135374069, -0.16852407157421112, -0.2889496982097626, -0.07031193375587463, 0.08890481293201447, -0.2574198842048645, 0.04216543585062027], "root_pose": [3.0637338161468506, 0.003612163243815303, 0.010641763918101788], "body_pose": [[-0.1189868226647377, 0.011786014772951603, 0.07958386838436127], [-0.21431758999824524, 0.002515876665711403, -0.09651912748813629], [0.32706496119499207, -0.004052714444696903, -0.00425613671541214], [0.5135809779167175, 0.012791858054697514, -0.051496874541044235], [0.5915687084197998, -0.020358270034193993, 0.0465911403298378], [0.08633323758840561, -0.015619088895618916, 8.777621405897662e-05], [-0.1681717038154602, 0.12537157535552979, -0.041353803128004074], [-0.11982376873493195, -0.0680963471531868, 0.03915306180715561], [-0.061448462307453156, -0.0021468265913426876, -0.012930055148899555], [0.0018254135502502322, -0.0048154303804039955, 0.006358795333653688], [0.012671287171542645, 0.0004147833969909698, 0.01773832179605961], [0.23433242738246918, 0.01263591181486845, 0.021143482998013496], [-0.06232361122965813, -0.37042540311813354, -0.08149422705173492], [0.08204185217618942, 0.1373319923877716, -0.08364592492580414], [-0.3487631678581238, 0.07831397652626038, -0.030750717967748642], [0.03705489635467529, -0.48859700560569763, -0.9510824084281921], [0.25747594237327576, 0.19244860112667084, 1.2260124683380127], [-0.24960699677467346, 4.4028191566467285, -0.9923027157783508], [0.14499831199645996, 1.7504770755767822, -0.3296395242214203], [-0.5985507965087891, -0.1949818879365921, 0.30936288833618164], [-0.8138203024864197, 0.09863288700580597, -0.5451871156692505]], "jaw_pose": [0.06629819422960281, -0.031134380027651787, 0.049012381583452225], "leye_pose": [0.0, 0.0, 0.0], "reye_pose": [0.0, 0.0, 0.0], "lhand_pose": [[0.031810104846954346, 0.42360466718673706, -0.7700023651123047], [0.1884855031967163, -0.10013447701931, -1.049909234046936], [-0.0727999359369278, -0.1383160650730133, -0.30804556608200073], [-0.29501911997795105, 0.2086193710565567, -1.2601889371871948], [-0.13069532811641693, 0.013679936528205872, -0.8963212966918945], [-0.04169664904475212, -0.1358327865600586, -0.540709912776947], [-0.7247030138969421, -0.5979130864143372, -0.9411355257034302], [-0.3024440109729767, -0.06138002127408981, -0.6691619157791138], [-0.5341324806213379, -0.06449190527200699, -0.33194905519485474], [-0.24580524861812592, -0.17036953568458557, -1.2653011083602905], [-0.4270343780517578, -0.1326577067375183, -0.7729661464691162], [-0.27073317766189575, -0.08815150707960129, -0.5614622831344604], [0.9381967782974243, 0.46624690294265747, 0.08408908545970917], [-0.5458035469055176, 0.06587757170200348, -0.20648746192455292], [0.6379396915435791, 0.278117299079895, -0.15651489794254303]], "rhand_pose": [[0.0025509272236377, -0.4183219075202942, 0.7769429683685303], [0.17610538005828857, 0.07131174951791763, 1.0320261716842651], [-0.08803489059209824, 0.12289552390575409, 0.28655919432640076], [-0.33080601692199707, -0.200803741812706, 1.1423500776290894], [-0.12165164947509766, -0.025207841768860817, 0.8673370480537415], [-0.043801967054605484, 0.11614640057086945, 0.5207911133766174], [-0.8443374037742615, 0.6247851848602295, 1.0504285097122192], [-0.2379671186208725, 0.07370679080486298, 0.6130106449127197], [-0.49791330099105835, 0.018272096291184425, 0.2873125374317169], [-0.28961193561553955, 0.22272078692913055, 1.232791543006897], [-0.4148775339126587, 0.12979938089847565, 0.7698409557342529], [-0.24925024807453156, 0.08299687504768372, 0.5294447541236877], [0.8761051297187805, -0.4612214267253876, -0.11875981092453003], [-0.5246878862380981, -0.05566655844449997, 0.16606056690216064], [0.640129566192627, -0.23024089634418488, 0.14458578824996948]], "trans": [-0.15213938057422638, 0.8201755881309509, 1.9309430122375488], "focal": [1177.7945556640625, 1177.7945556640625], "princpt": [680.0, 384.0], "img_size_wh": [1360, 768], "pad_ratio": 0.0}