{"betas": [-0.33462974429130554, 0.0924951508641243, 0.1655193716287613, 0.11512812227010727, -0.16836978495121002, -0.28798067569732666, -0.07084920257329941, 0.0885842815041542, -0.2571248412132263, 0.04261915385723114], "root_pose": [3.0529654026031494, -0.05390041321516037, 0.08993951976299286], "body_pose": [[-0.18203987181186676, 0.005191428121179342, 0.06239546462893486], [-0.15713027119636536, 0.007515628356486559, -0.07979375123977661], [0.2883906364440918, 0.025889266282320023, 0.011323136277496815], [0.5291056632995605, 0.029884524643421173, -0.05996934324502945], [0.5568615198135376, -0.013880752958357334, 0.04432206600904465], [0.043427638709545135, 0.029070427641272545, -0.02326502650976181], [-0.1608084738254547, 0.1274835169315338, -0.041914958506822586], [-0.1316022425889969, -0.12284427881240845, 0.02988620102405548], [-0.06714943051338196, 0.0374821200966835, -0.030988343060016632], [0.003802448743954301, -0.0025522764772176743, -0.0020421582739800215], [0.012333481572568417, -0.0003242783132009208, 0.003690548473969102], [0.26474547386169434, -0.01994783990085125, -0.01871495507657528], [0.08235512673854828, -0.12336582690477371, 0.021893594413995743], [-0.0682256892323494, 0.31823891401290894, -0.07725471258163452], [-0.3278355300426483, 0.03684061020612717, -0.013745018281042576], [0.2889024317264557, -0.12067655473947525, -1.0597871541976929], [0.03833255171775818, 0.4519840180873871, 1.0224982500076294], [-0.21079294383525848, 4.499782562255859, -0.7887570261955261], [0.06080196425318718, 1.6725584268569946, -0.3118780553340912], [-0.9431235194206238, -0.058245088905096054, 0.30007338523864746], [-0.7705207467079163, 0.0662946030497551, -0.45712998509407043]], "jaw_pose": [0.03926825895905495, 0.006475294008851051, -0.13356606662273407], "leye_pose": [0.0, 0.0, 0.0], "reye_pose": [0.0, 0.0, 0.0], "lhand_pose": [[0.01746128872036934, 0.4326930642127991, -0.8114809393882751], [0.1851966679096222, -0.09949719160795212, -1.1748003959655762], [-0.09077314287424088, -0.14021770656108856, -0.31024184823036194], [-0.30156025290489197, 0.22769947350025177, -1.3049004077911377], [-0.12542681396007538, 0.01240056473761797, -0.9709459543228149], [-0.04058613255620003, -0.14776425063610077, -0.6005277633666992], [-0.8237415552139282, -0.55633145570755, -1.0684552192687988], [-0.29482194781303406, -0.05876639112830162, -0.7427416443824768], [-0.5179265141487122, -0.04150398075580597, -0.3887767791748047], [-0.2875337302684784, -0.20181986689567566, -1.3494220972061157], [-0.4248102903366089, -0.11320201307535172, -0.8830175399780273], [-0.2753570079803467, -0.09386929869651794, -0.6003021001815796], [0.9244668483734131, 0.45139479637145996, 0.1025591567158699], [-0.5701491832733154, 0.06694170832633972, -0.19156064093112946], [0.6480382084846497, 0.2564725875854492, -0.17163729667663574]], "rhand_pose": [[0.003575877519324422, -0.29326289892196655, 0.9128058552742004], [0.17468546330928802, 0.09050624817609787, 1.2436949014663696], [-0.08457550406455994, 0.1542254239320755, 0.38385164737701416], [-0.3450086712837219, -0.18912050127983093, 1.3408247232437134], [-0.13261276483535767, -0.0222668144851923, 1.1117630004882812], [-0.03969820961356163, 0.12807190418243408, 0.6857296228408813], [-0.9038124680519104, 0.4569743275642395, 1.2750777006149292], [-0.33990252017974854, 0.11129914969205856, 0.8226847052574158], [-0.5243398547172546, 0.04109025001525879, 0.4720018804073334], [-0.32932615280151367, 0.21009159088134766, 1.4243965148925781], [-0.4525631070137024, 0.12609222531318665, 1.0520154237747192], [-0.27188801765441895, 0.08541541546583176, 0.6937028169631958], [0.9247423410415649, -0.4423319697380066, -0.029628917574882507], [-0.503267228603363, -0.04594651982188225, 0.18128743767738342], [0.6851868033409119, -0.2822672128677368, 0.1847979724407196]], "trans": [-0.22680500149726868, 0.7660753726959229, 1.7196581363677979], "focal": [1177.7945556640625, 1177.7945556640625], "princpt": [680.0, 384.0], "img_size_wh": [1360, 768], "pad_ratio": 0.0}