{"betas": [-0.3350169062614441, 0.0937686637043953, 0.16660219430923462, 0.11524687707424164, -0.16800710558891296, -0.2895321846008301, -0.07095710933208466, 0.08883655816316605, -0.25794145464897156, 0.042284078896045685], "root_pose": [3.101473808288574, -0.030938860028982162, 0.0051573957316577435], "body_pose": [[-0.11928912997245789, 0.015356934629380703, 0.06744631379842758], [-0.1939496099948883, -0.002405772218480706, -0.09733021259307861], [0.29055848717689514, -0.0385170578956604, 0.023475976660847664], [0.4872722029685974, 0.016024230048060417, -0.04733605310320854], [0.5038413405418396, -0.015747589990496635, 0.044566716998815536], [0.07641206681728363, -0.021307865157723427, 0.021062441170215607], [-0.18811193108558655, 0.11889643967151642, -0.03157397359609604], [-0.08849145472049713, -0.10547028481960297, 0.04953561723232269], [-0.05744193121790886, -0.031309422105550766, 0.01790706440806389], [0.00013937051699031144, -0.005314338020980358, -0.009917044080793858], [0.009743689559400082, -0.0026579208206385374, 0.010603886097669601], [0.24638834595680237, 0.012472067959606647, 0.01785561442375183], [0.011671771295368671, -0.30704784393310547, 0.0022742862347513437], [0.060999009758234024, 0.009653815068304539, -0.10863292962312698], [-0.3527200222015381, 0.09838224202394485, -0.1761939823627472], [0.1620703637599945, -0.367963582277298, -0.9867160320281982], [0.17991916835308075, 0.1361451894044876, 1.2123669385910034], [-0.48060598969459534, 4.493947982788086, -0.7231622934341431], [0.01218439545482397, 1.6291732788085938, -0.3170725405216217], [-0.7537403702735901, -0.4113694727420807, 0.22752441465854645], [-0.8570153713226318, 0.10678061097860336, -0.19054199755191803]], "jaw_pose": [0.06312564015388489, -0.03105560876429081, 0.03982419893145561], "leye_pose": [0.0, 0.0, 0.0], "reye_pose": [0.0, 0.0, 0.0], "lhand_pose": [[0.018252495676279068, 0.4349355697631836, -0.7552308440208435], [0.1930805742740631, -0.10428239405155182, -1.0247588157653809], [-0.08387012034654617, -0.12665852904319763, -0.2695138156414032], [-0.29370492696762085, 0.19579152762889862, -1.2420612573623657], [-0.11514918506145477, 0.005170257296413183, -0.7912492156028748], [-0.0429634191095829, -0.13803008198738098, -0.47647735476493835], [-0.7686506509780884, -0.6024413704872131, -0.9440063238143921], [-0.20490124821662903, -0.045208510011434555, -0.5730960965156555], [-0.5517843961715698, -0.03801941126585007, -0.2261570543050766], [-0.27075842022895813, -0.18034276366233826, -1.2691694498062134], [-0.401714026927948, -0.13102340698242188, -0.6552278995513916], [-0.2641155421733856, -0.08817433565855026, -0.48752909898757935], [0.9120420217514038, 0.46064651012420654, 0.11753099411725998], [-0.5920896530151367, 0.0515851266682148, -0.18383611738681793], [0.6340422034263611, 0.2258480340242386, -0.13021497428417206]], "rhand_pose": [[0.023209935054183006, -0.44628897309303284, 0.8112068176269531], [0.2064696103334427, 0.0608605295419693, 0.8556154370307922], [-0.10437482595443726, 0.13167984783649445, 0.1894063651561737], [-0.31808847188949585, -0.1723325550556183, 1.1183719635009766], [-0.10483166575431824, -0.04942057654261589, 0.6689338684082031], [-0.032227594405412674, 0.10877471417188644, 0.39772266149520874], [-0.8703963756561279, 0.6402756571769714, 0.9841934442520142], [-0.13857580721378326, 0.04703318327665329, 0.47315651178359985], [-0.487338125705719, 0.003234958043321967, 0.14627103507518768], [-0.29098448157310486, 0.23684893548488617, 1.1693037748336792], [-0.404764324426651, 0.14627115428447723, 0.5017831921577454], [-0.23240332305431366, 0.06722699105739594, 0.434248685836792], [0.8867243528366089, -0.6687138676643372, -0.058754272758960724], [-0.5650875568389893, -0.0256955623626709, 0.15886077284812927], [0.6561307311058044, -0.201389878988266, 0.11507055908441544]], "trans": [-0.14134374260902405, 0.809251070022583, 1.8568315505981445], "focal": [1177.7945556640625, 1177.7945556640625], "princpt": [680.0, 384.0], "img_size_wh": [1360, 768], "pad_ratio": 0.0}