{"betas": [-0.33477386832237244, 0.09377581626176834, 0.16656893491744995, 0.11533010751008987, -0.16797210276126862, -0.28944674134254456, -0.07090889662504196, 0.08875063806772232, -0.25795647501945496, 0.042424291372299194], "root_pose": [3.121488571166992, -0.031475286930799484, 0.012096530757844448], "body_pose": [[-0.12573593854904175, 0.015964854508638382, 0.07613964378833771], [-0.1633930653333664, -0.013043353334069252, -0.09898268431425095], [0.28788986802101135, -0.032135069370269775, 0.018458291888237], [0.464281290769577, 0.02240864560008049, -0.045898500829935074], [0.4636075496673584, -0.0188769418746233, 0.04498691484332085], [0.059037573635578156, -0.017819145694375038, 0.014187612570822239], [-0.1699523776769638, 0.11694061756134033, -0.03600770980119705], [-0.08193544298410416, -0.11625970900058746, 0.04745332524180412], [-0.06709830462932587, -0.026472803205251694, 0.01466743927448988], [0.00018291748710907996, -0.004922681953758001, -0.0099873635917902], [0.008562385104596615, -0.0035226382315158844, 0.011178337968885899], [0.2283005565404892, 0.014074224978685379, 0.021945331245660782], [0.040699250996112823, -0.28810280561447144, -0.024758407846093178], [0.04515397921204567, 0.04987341910600662, -0.09197055548429489], [-0.32830876111984253, 0.08980093151330948, -0.16519573330879211], [0.19528034329414368, -0.3294074237346649, -1.0139797925949097], [0.15949834883213043, 0.19350384175777435, 1.2119169235229492], [0.1872284710407257, -1.5394713878631592, 0.23950707912445068], [0.038778554648160934, 1.5694773197174072, -0.31373053789138794], [-0.6968875527381897, -0.39432355761528015, 0.31016597151756287], [-0.755625307559967, 0.09329618513584137, -0.32987314462661743]], "jaw_pose": [0.061457253992557526, -0.02670302614569664, 0.03494281321763992], "leye_pose": [0.0, 0.0, 0.0], "reye_pose": [0.0, 0.0, 0.0], "lhand_pose": [[0.021716389805078506, 0.4841946065425873, -0.7923948764801025], [0.1980716735124588, -0.10518325120210648, -1.0405970811843872], [-0.088583804666996, -0.13037225604057312, -0.2590993046760559], [-0.3119632303714752, 0.2048107087612152, -1.2712726593017578], [-0.11928372830152512, 0.0021382730919867754, -0.818149209022522], [-0.040878184139728546, -0.1384066343307495, -0.49466410279273987], [-0.8317247629165649, -0.6401712894439697, -0.9818000197410583], [-0.22003598511219025, -0.0532120019197464, -0.6000410914421082], [-0.5541018843650818, -0.03806667774915695, -0.2477463036775589], [-0.2888043224811554, -0.20231080055236816, -1.3088165521621704], [-0.41649264097213745, -0.14488908648490906, -0.6878997683525085], [-0.2614002227783203, -0.07754847407341003, -0.5147894620895386], [0.9182924032211304, 0.5195024609565735, 0.11096680164337158], [-0.5802024602890015, 0.04819877818226814, -0.17776967585086823], [0.6332887411117554, 0.2263929545879364, -0.136147141456604]], "rhand_pose": [[0.032747767865657806, -0.4513779878616333, 0.7843243479728699], [0.2041691690683365, 0.06459282338619232, 0.8778247237205505], [-0.10631290078163147, 0.1304449439048767, 0.19601070880889893], [-0.32744231820106506, -0.1761796623468399, 1.1273201704025269], [-0.10797549039125443, -0.04892042651772499, 0.7050498723983765], [-0.032060105353593826, 0.10958296805620193, 0.4235483407974243], [-0.8983333706855774, 0.6520962715148926, 1.0269986391067505], [-0.14849071204662323, 0.05579151585698128, 0.4917760193347931], [-0.5012120604515076, 0.01039610430598259, 0.1675671935081482], [-0.3087705969810486, 0.23824039101600647, 1.2006760835647583], [-0.415170282125473, 0.1538378894329071, 0.5383379459381104], [-0.2337428331375122, 0.06716518104076385, 0.45481589436531067], [0.8952363133430481, -0.6915479898452759, -0.03965585678815842], [-0.557456910610199, -0.023721376433968544, 0.15267878770828247], [0.6582852602005005, -0.20216907560825348, 0.12326440960168839]], "trans": [-0.16114935278892517, 0.8333717584609985, 1.8417459726333618], "focal": [1177.7945556640625, 1177.7945556640625], "princpt": [680.0, 384.0], "img_size_wh": [1360, 768], "pad_ratio": 0.0}