{"betas": [-0.33428138494491577, 0.09351817518472672, 0.16619297862052917, 0.11537369340658188, -0.16815237700939178, -0.2883211672306061, -0.07100456953048706, 0.08862604945898056, -0.257549524307251, 0.042677827179431915], "root_pose": [3.1011850833892822, -0.06537684053182602, 0.0723031610250473], "body_pose": [[-0.16743120551109314, 0.007034347392618656, 0.06355026364326477], [-0.139189675450325, -0.0014189383946359158, -0.07778606563806534], [0.29566800594329834, 0.013790985569357872, 0.018958410248160362], [0.5153452157974243, 0.025272632017731667, -0.05802324041724205], [0.5265709757804871, -0.016985885798931122, 0.039891842752695084], [0.049134667962789536, 0.019258694723248482, -0.013914428651332855], [-0.16948603093624115, 0.1191788986325264, -0.04137039557099342], [-0.1358688622713089, -0.13630616664886475, 0.029968703165650368], [-0.060978248715400696, 0.02030579000711441, -0.014070643112063408], [0.0022665131837129593, -0.005078223999589682, -0.005293314345180988], [0.01105507928878069, -0.0010530948638916016, 0.005188283044844866], [0.20601347088813782, -0.012539438903331757, -0.0024307093117386103], [0.06224370747804642, -0.16559934616088867, -0.010170089080929756], [-0.04410786181688309, 0.24501073360443115, -0.11213339865207672], [-0.34946876764297485, 0.05991964042186737, -0.09501714259386063], [0.260598748922348, -0.18443162739276886, -1.0662318468093872], [0.05614599585533142, 0.3910325765609741, 1.060040831565857], [-0.4020139276981354, 4.599799633026123, -0.8293571472167969], [0.06823641061782837, 1.6233524084091187, -0.3277994394302368], [-0.6227999329566956, -0.20705530047416687, 0.2649003863334656], [-0.7128781676292419, 0.1534324437379837, -0.4259636402130127]], "jaw_pose": [0.04428640753030777, -0.0038633267395198345, -0.07912910729646683], "leye_pose": [0.0, 0.0, 0.0], "reye_pose": [0.0, 0.0, 0.0], "lhand_pose": [[0.03834319859743118, 0.47671571373939514, -0.8458755612373352], [0.19234277307987213, -0.09721707552671432, -1.0990506410598755], [-0.09050276130437851, -0.13543018698692322, -0.2704671025276184], [-0.3033865690231323, 0.21650902926921844, -1.279031753540039], [-0.11551498621702194, 0.01690107397735119, -0.887736976146698], [-0.038607992231845856, -0.14991839230060577, -0.53878253698349], [-0.9188591241836548, -0.5967284440994263, -1.0611186027526855], [-0.24247822165489197, -0.06060422584414482, -0.6691668033599854], [-0.5377407670021057, -0.027955539524555206, -0.3072865605354309], [-0.30820950865745544, -0.21235647797584534, -1.3329192399978638], [-0.4152675271034241, -0.1167338639497757, -0.7590726017951965], [-0.2675916850566864, -0.09084409475326538, -0.5533871650695801], [0.9557228088378906, 0.5926597714424133, 0.043677594512701035], [-0.5580480098724365, 0.053245510905981064, -0.164115309715271], [0.6454917788505554, 0.23571908473968506, -0.17141765356063843]], "rhand_pose": [[0.03354604169726372, -0.2965536415576935, 0.6983160376548767], [0.16815747320652008, 0.07871019840240479, 1.067038893699646], [-0.08557002246379852, 0.13746707141399384, 0.31413933634757996], [-0.33138951659202576, -0.16966500878334045, 1.1686508655548096], [-0.12332240492105484, -0.028425881639122963, 0.9760456085205078], [-0.037889473140239716, 0.11443211883306503, 0.5615866780281067], [-0.8669220209121704, 0.5034539103507996, 1.118191123008728], [-0.24570809304714203, 0.08704552799463272, 0.6556376218795776], [-0.4991333484649658, 0.025331463664770126, 0.32900458574295044], [-0.31090664863586426, 0.20322415232658386, 1.2662712335586548], [-0.42115074396133423, 0.1300322711467743, 0.8650621175765991], [-0.25421926379203796, 0.08550149947404861, 0.5781953930854797], [0.9125415682792664, -0.4661313593387604, -0.03199300542473793], [-0.5278654098510742, -0.030138907954096794, 0.1604510396718979], [0.671633243560791, -0.23010914027690887, 0.14413461089134216]], "trans": [-0.21019907295703888, 0.7978326678276062, 1.7788461446762085], "focal": [1177.7945556640625, 1177.7945556640625], "princpt": [680.0, 384.0], "img_size_wh": [1360, 768], "pad_ratio": 0.0}