{"betas": [-0.3343486785888672, 0.09309442341327667, 0.16575473546981812, 0.11539378017187119, -0.16834519803524017, -0.28811824321746826, -0.0709308385848999, 0.08862179517745972, -0.25737565755844116, 0.04271915182471275], "root_pose": [3.078486680984497, -0.06878584623336792, 0.07959462702274323], "body_pose": [[-0.18136949837207794, 0.0023786884266883135, 0.05254742130637169], [-0.136784628033638, 0.007466360926628113, -0.07242139428853989], [0.2941143214702606, 0.020567992702126503, 0.018703913316130638], [0.541711151599884, 0.02875686250627041, -0.059059370309114456], [0.5627118945121765, -0.01087374147027731, 0.04010525345802307], [0.04695529863238335, 0.029091430827975273, -0.01945744827389717], [-0.17463546991348267, 0.12255895137786865, -0.041944682598114014], [-0.14448271691799164, -0.13527926802635193, 0.030772604048252106], [-0.06254664808511734, 0.029352927580475807, -0.021119626238942146], [0.0023852151352912188, -0.004404694307595491, -0.004498249385505915], [0.011590756475925446, -0.0004490006831474602, 0.002124563790857792], [0.2251177728176117, -0.01932768151164055, -0.00993338506668806], [0.07649317383766174, -0.14514189958572388, 0.0006680613150820136], [-0.055054426193237305, 0.2747793197631836, -0.09582455456256866], [-0.34687817096710205, 0.049635808914899826, -0.06466759741306305], [0.2820455729961395, -0.14778366684913635, -1.06943678855896], [0.042014505714178085, 0.4172106981277466, 1.0163605213165283], [-0.33054518699645996, 4.5496745109558105, -0.8032296299934387], [0.06927056610584259, 1.6568446159362793, -0.31875887513160706], [-0.7342449426651001, -0.17143309116363525, 0.2490910291671753], [-0.7105563282966614, 0.12293511629104614, -0.44342169165611267]], "jaw_pose": [0.04007142782211304, 0.0002298241015523672, -0.10690769553184509], "leye_pose": [0.0, 0.0, 0.0], "reye_pose": [0.0, 0.0, 0.0], "lhand_pose": [[0.029624538496136665, 0.4522876739501953, -0.8326718807220459], [0.18848907947540283, -0.10110460966825485, -1.137981653213501], [-0.0903417319059372, -0.13669082522392273, -0.2866428792476654], [-0.30051863193511963, 0.21573400497436523, -1.2735644578933716], [-0.1173369511961937, 0.015431406907737255, -0.9222368001937866], [-0.039641235023736954, -0.15222740173339844, -0.5599755644798279], [-0.889064371585846, -0.5822946429252625, -1.0530047416687012], [-0.2581327259540558, -0.05692879110574722, -0.6933371424674988], [-0.5323421359062195, -0.02939176931977272, -0.3354591131210327], [-0.2999971807003021, -0.20667922496795654, -1.325683355331421], [-0.4157657325267792, -0.10982994735240936, -0.8035637736320496], [-0.27298587560653687, -0.09587019681930542, -0.565902054309845], [0.9544695615768433, 0.5437448024749756, 0.05909403786063194], [-0.5676088929176331, 0.057599470019340515, -0.16809070110321045], [0.6513786911964417, 0.237453892827034, -0.17582139372825623]], "rhand_pose": [[0.02595577947795391, -0.29077374935150146, 0.7520505785942078], [0.16853584349155426, 0.08130346983671188, 1.121271014213562], [-0.08347867429256439, 0.14381219446659088, 0.338223397731781], [-0.3340814709663391, -0.1743059903383255, 1.2209001779556274], [-0.12531442940235138, -0.02778484858572483, 1.0283281803131104], [-0.037308789789676666, 0.1198096051812172, 0.6006399393081665], [-0.8736565113067627, 0.4756125509738922, 1.159048318862915], [-0.27831321954727173, 0.09344930201768875, 0.708761990070343], [-0.5051877498626709, 0.02993062138557434, 0.3728429973125458], [-0.314937561750412, 0.2050422728061676, 1.3124924898147583], [-0.42799726128578186, 0.1252748817205429, 0.933680534362793], [-0.25983726978302, 0.08961191028356552, 0.6136342883110046], [0.9184761047363281, -0.4560208022594452, -0.02537684142589569], [-0.521394670009613, -0.036585282534360886, 0.1626131683588028], [0.6785727739334106, -0.24902458488941193, 0.1550697386264801]], "trans": [-0.2157280147075653, 0.7764124274253845, 1.7541061639785767], "focal": [1177.7945556640625, 1177.7945556640625], "princpt": [680.0, 384.0], "img_size_wh": [1360, 768], "pad_ratio": 0.0}