{"betas": [-0.33503618836402893, 0.09388858079910278, 0.16645723581314087, 0.11524621397256851, -0.16806143522262573, -0.2893502414226532, -0.07076478749513626, 0.08893894404172897, -0.2577664256095886, 0.04222611337900162], "root_pose": [3.090071201324463, -0.026037145406007767, 0.0021080393344163895], "body_pose": [[-0.11640249937772751, 0.013086329214274883, 0.05750931426882744], [-0.23026026785373688, 0.011761132627725601, -0.09254235029220581], [0.29957735538482666, -0.04284589737653732, 0.024513961747288704], [0.524131715297699, 0.012170226313173771, -0.04769057407975197], [0.5545308589935303, -0.010468373075127602, 0.04443248733878136], [0.08677641302347183, -0.01984257809817791, 0.020703846588730812], [-0.20410577952861786, 0.11485990881919861, -0.026799913495779037], [-0.09493011236190796, -0.09838515520095825, 0.04980868846178055], [-0.052745603024959564, -0.036957528442144394, 0.016312863677740097], [0.0002955047821160406, -0.0064493934623897076, -0.009703051298856735], [0.01039594691246748, -0.0030134283006191254, 0.006234613247215748], [0.2531058192253113, 0.010941214859485626, 0.01876896806061268], [-0.021769315004348755, -0.3217974603176117, 0.027367938309907913], [0.08009477704763412, -0.016177359968423843, -0.10747167468070984], [-0.3647618591785431, 0.10793794691562653, -0.18522359430789948], [0.11475459486246109, -0.4027722477912903, -0.972529947757721], [0.20629797875881195, 0.09008155018091202, 1.2012510299682617], [-0.35641196370124817, 4.354355812072754, -0.7682532072067261], [0.018806446343660355, 1.6905949115753174, -0.3187650740146637], [-0.7771624326705933, -0.31702160835266113, 0.16292886435985565], [-0.8879116177558899, 0.15360324084758759, -0.13737571239471436]], "jaw_pose": [0.05885127931833267, -0.031786635518074036, 0.02806312032043934], "leye_pose": [0.0, 0.0, 0.0], "reye_pose": [0.0, 0.0, 0.0], "lhand_pose": [[0.01863737404346466, 0.3743390440940857, -0.7509971857070923], [0.18531787395477295, -0.10299762338399887, -1.0497421026229858], [-0.0749717503786087, -0.1272711455821991, -0.3044736385345459], [-0.2841208279132843, 0.1923190802335739, -1.2400531768798828], [-0.1146111860871315, 0.006783072371035814, -0.8235881328582764], [-0.04555017128586769, -0.1391526162624359, -0.505481481552124], [-0.7596595287322998, -0.5242531895637512, -0.9822584986686707], [-0.22276633977890015, -0.048788197338581085, -0.6102806329727173], [-0.5596973299980164, -0.04092046990990639, -0.2583959400653839], [-0.2644672095775604, -0.15495161712169647, -1.2728235721588135], [-0.40146830677986145, -0.12073162198066711, -0.7001434564590454], [-0.27340975403785706, -0.09421145915985107, -0.5100352764129639], [0.9146636724472046, 0.40007588267326355, 0.10201123356819153], [-0.5801210999488831, 0.05532100796699524, -0.19479911029338837], [0.6343002915382385, 0.23841865360736847, -0.1316709965467453]], "rhand_pose": [[0.012066571973264217, -0.42263975739479065, 0.8034922480583191], [0.2020820528268814, 0.05812551826238632, 0.8637688159942627], [-0.09979188442230225, 0.13075196743011475, 0.19998782873153687], [-0.3125373423099518, -0.15975460410118103, 1.087454080581665], [-0.10514532029628754, -0.042784422636032104, 0.6761163473129272], [-0.03249736875295639, 0.10422930121421814, 0.3960021436214447], [-0.8318345546722412, 0.6309675574302673, 0.9290534257888794], [-0.15530960261821747, 0.041200749576091766, 0.4722198247909546], [-0.4705962836742401, 0.003049288410693407, 0.15843354165554047], [-0.26900094747543335, 0.23273056745529175, 1.1170315742492676], [-0.39685776829719543, 0.13895480334758759, 0.5165021419525146], [-0.23233281075954437, 0.06816317141056061, 0.4349154531955719], [0.8712232708930969, -0.5928696990013123, -0.08923567086458206], [-0.5661489963531494, -0.03251885250210762, 0.16724790632724762], [0.648405909538269, -0.20554938912391663, 0.10095109045505524]], "trans": [-0.13417048752307892, 0.7852592468261719, 1.8740534782409668], "focal": [1177.7945556640625, 1177.7945556640625], "princpt": [680.0, 384.0], "img_size_wh": [1360, 768], "pad_ratio": 0.0}