{"betas": [-0.3346254229545593, 0.09375626593828201, 0.16645795106887817, 0.11534260213375092, -0.16796915233135223, -0.28924593329429626, -0.07097237557172775, 0.0886450782418251, -0.2581285834312439, 0.04246493801474571], "root_pose": [3.1399691104888916, -0.035038288682699203, 0.025403689593076706], "body_pose": [[-0.13326404988765717, 0.015593222342431545, 0.0806535929441452], [-0.14674898982048035, -0.015672123059630394, -0.09519720077514648], [0.28964167833328247, -0.022816061973571777, 0.014801142737269402], [0.4566304087638855, 0.026972845196723938, -0.045217517763376236], [0.4428216516971588, -0.020047752186655998, 0.04293879494071007], [0.04462007060647011, -0.010875464417040348, 0.006195549387484789], [-0.15467199683189392, 0.11331784725189209, -0.03804944083094597], [-0.08103470504283905, -0.1256878525018692, 0.04245752468705177], [-0.07344350963830948, -0.020119559019804, 0.009259003214538097], [0.0005208551301620901, -0.005578143056482077, -0.00968366302549839], [0.007803250104188919, -0.004120598081499338, 0.009968043304979801], [0.20630183815956116, 0.014518617652356625, 0.024510836228728294], [0.04972562566399574, -0.25915464758872986, -0.03656486049294472], [0.03311308100819588, 0.09454022347927094, -0.08116444945335388], [-0.31477704644203186, 0.08540955930948257, -0.15988248586654663], [0.2071654051542282, -0.2906482219696045, -1.039099931716919], [0.14183533191680908, 0.2471313774585724, 1.205399513244629], [0.1745278388261795, -1.462200403213501, 0.24278900027275085], [0.06938965618610382, 1.5513287782669067, -0.32374316453933716], [-0.6014724969863892, -0.2892376780509949, 0.3633885979652405], [-0.6521663069725037, 0.11902608722448349, -0.44505181908607483]], "jaw_pose": [0.056346043944358826, -0.020105892792344093, 0.013615043833851814], "leye_pose": [0.0, 0.0, 0.0], "reye_pose": [0.0, 0.0, 0.0], "lhand_pose": [[0.02823486365377903, 0.506744921207428, -0.8473386168479919], [0.19872689247131348, -0.10113738477230072, -1.069803237915039], [-0.08577745407819748, -0.13552618026733398, -0.2675063908100128], [-0.32184669375419617, 0.22019782662391663, -1.3163305521011353], [-0.12160839885473251, 0.000965497805736959, -0.8612674474716187], [-0.03975759074091911, -0.13866779208183289, -0.5350009799003601], [-0.9054889678955078, -0.6309778094291687, -1.0701935291290283], [-0.25147539377212524, -0.06847826391458511, -0.656128466129303], [-0.5556341409683228, -0.04172049090266228, -0.2952682375907898], [-0.3083275854587555, -0.2162889689207077, -1.3673640489578247], [-0.4292527139186859, -0.15299564599990845, -0.7447855472564697], [-0.2619292140007019, -0.07101070135831833, -0.5604296922683716], [0.9299724698066711, 0.5772591829299927, 0.0910610482096672], [-0.5536820292472839, 0.048486776649951935, -0.18069840967655182], [0.6276326775550842, 0.2406589835882187, -0.1432431936264038]], "rhand_pose": [[0.03697114437818527, -0.4140755534172058, 0.7441842555999756], [0.193280428647995, 0.0709560289978981, 0.9399521350860596], [-0.10203853994607925, 0.13031424582004547, 0.22751668095588684], [-0.3338342308998108, -0.1690244972705841, 1.1299980878829956], [-0.11505899578332901, -0.03878641873598099, 0.7884506583213806], [-0.034071631729602814, 0.10741382837295532, 0.47331804037094116], [-0.8943585157394409, 0.64095538854599, 1.0491048097610474], [-0.18991142511367798, 0.06694210320711136, 0.536426842212677], [-0.5026842355728149, 0.023643339052796364, 0.226964071393013], [-0.3140115439891815, 0.23536524176597595, 1.2137086391448975], [-0.42461973428726196, 0.15818481147289276, 0.6404352188110352], [-0.2380618453025818, 0.06892048567533493, 0.49784916639328003], [0.8948080539703369, -0.6239641308784485, -0.04024263471364975], [-0.5428525805473328, -0.02545165829360485, 0.15493665635585785], [0.6546263694763184, -0.21038371324539185, 0.12778541445732117]], "trans": [-0.1814606934785843, 0.8472111821174622, 1.829637885093689], "focal": [1177.7945556640625, 1177.7945556640625], "princpt": [680.0, 384.0], "img_size_wh": [1360, 768], "pad_ratio": 0.0}