{"betas": [-0.33442357182502747, 0.0939164087176323, 0.1663481742143631, 0.1153557077050209, -0.16812750697135925, -0.2889966368675232, -0.07118681818246841, 0.08863155543804169, -0.2580246031284332, 0.04246348515152931], "root_pose": [3.1416330337524414, -0.04378548637032509, 0.043715011328458786], "body_pose": [[-0.14171479642391205, 0.013426092453300953, 0.0797576978802681], [-0.1405337005853653, -0.013832196593284607, -0.08869060128927231], [0.29163286089897156, -0.009672727435827255, 0.014629993587732315], [0.46020811796188354, 0.02619938924908638, -0.04807549715042114], [0.4480803608894348, -0.020842790603637695, 0.04068643972277641], [0.041107967495918274, -0.003058604197576642, -4.8932932259049267e-05], [-0.14969754219055176, 0.1137009859085083, -0.03942148759961128], [-0.09161561727523804, -0.12910029292106628, 0.03662252426147461], [-0.07125089317560196, -0.007873269729316235, 0.002213471569120884], [0.0012585355434566736, -0.006116428878158331, -0.008059420622885227], [0.008082112297415733, -0.003380522597581148, 0.00963558815419674], [0.19852377474308014, 0.009649417363107204, 0.019563637673854828], [0.04662984237074852, -0.22401459515094757, -0.032136768102645874], [0.008370159193873405, 0.1475161910057068, -0.0953131914138794], [-0.3232867121696472, 0.07951796054840088, -0.1475573033094406], [0.2142833024263382, -0.2565370500087738, -1.0520275831222534], [0.11576036363840103, 0.30195721983909607, 1.1846766471862793], [0.1594414860010147, -1.4526201486587524, 0.25977620482444763], [0.07448212057352066, 1.5668761730194092, -0.33394476771354675], [-0.5374084115028381, -0.21236485242843628, 0.3474273383617401], [-0.6541759967803955, 0.13336284458637238, -0.45951175689697266]], "jaw_pose": [0.0524301715195179, -0.014194046147167683, -0.012793496251106262], "leye_pose": [0.0, 0.0, 0.0], "reye_pose": [0.0, 0.0, 0.0], "lhand_pose": [[0.040578003972768784, 0.5108901262283325, -0.8773015141487122], [0.1976863443851471, -0.09604457765817642, -1.0816888809204102], [-0.08553053438663483, -0.13839972019195557, -0.26956260204315186], [-0.3203107714653015, 0.23183730244636536, -1.337250828742981], [-0.12031532824039459, 0.007095734588801861, -0.8810835480690002], [-0.03867657110095024, -0.14117127656936646, -0.5521219968795776], [-0.9578749537467957, -0.6020699739456177, -1.136161208152771], [-0.2572462558746338, -0.07669726014137268, -0.6845937967300415], [-0.5536062717437744, -0.03828132897615433, -0.31394433975219727], [-0.3212431073188782, -0.21748226881027222, -1.4027971029281616], [-0.4304600954055786, -0.14637695252895355, -0.7668355107307434], [-0.2622353434562683, -0.07365070283412933, -0.5781571269035339], [0.9451443552970886, 0.6173282265663147, 0.06353709101676941], [-0.5418283343315125, 0.04927150905132294, -0.17895621061325073], [0.6307719349861145, 0.24929465353488922, -0.15378154814243317]], "rhand_pose": [[0.03904895856976509, -0.35614606738090515, 0.7083559632301331], [0.1783890426158905, 0.07683950662612915, 1.0065257549285889], [-0.09369995445013046, 0.13190989196300507, 0.26998257637023926], [-0.33605900406837463, -0.16580480337142944, 1.1415280103683472], [-0.12066572159528732, -0.029045406728982925, 0.8808462023735046], [-0.0379154346883297, 0.10722031444311142, 0.5232175588607788], [-0.8816097974777222, 0.5926145911216736, 1.0876750946044922], [-0.2243192344903946, 0.0793251320719719, 0.5938306450843811], [-0.5022278428077698, 0.02911875583231449, 0.2853236198425293], [-0.3150741457939148, 0.22152294218540192, 1.237594723701477], [-0.42730703949928284, 0.15290577709674835, 0.7544968128204346], [-0.24497376382350922, 0.0733804851770401, 0.5426296591758728], [0.8986001014709473, -0.5333553552627563, -0.04269498959183693], [-0.5341305732727051, -0.02629142440855503, 0.15853889286518097], [0.6572914123535156, -0.21807993948459625, 0.13456395268440247]], "trans": [-0.19515776634216309, 0.8425323963165283, 1.8175469636917114], "focal": [1177.7945556640625, 1177.7945556640625], "princpt": [680.0, 384.0], "img_size_wh": [1360, 768], "pad_ratio": 0.0}