{"betas": [-0.3344545364379883, 0.09269919991493225, 0.16560307145118713, 0.11527220159769058, -0.16831037402153015, -0.2880144417285919, -0.070998415350914, 0.08860182017087936, -0.25727006793022156, 0.04263675585389137], "root_pose": [3.061224937438965, -0.06535720825195312, 0.08486338704824448], "body_pose": [[-0.18552343547344208, 0.002115553477779031, 0.05212279409170151], [-0.14097271859645844, 0.010320852510631084, -0.07389425486326218], [0.29075750708580017, 0.024817554280161858, 0.015821034088730812], [0.5424790382385254, 0.03127916529774666, -0.05910564959049225], [0.5721741914749146, -0.00948002003133297, 0.04150702804327011], [0.04449576511979103, 0.03205806016921997, -0.022098852321505547], [-0.17071256041526794, 0.12688909471035004, -0.041702233254909515], [-0.13998886942863464, -0.12883152067661285, 0.03235099837183952], [-0.06481559574604034, 0.03524130955338478, -0.026887279003858566], [0.0029075401835143566, -0.0034668943844735622, -0.002870147814974189], [0.011772640980780125, -0.0003177827748004347, 0.002043043961748481], [0.2511208951473236, -0.0202263742685318, -0.015691477805376053], [0.08341053873300552, -0.1304609626531601, 0.012777828611433506], [-0.06319601833820343, 0.29925161600112915, -0.0840860977768898], [-0.33977416157722473, 0.04211077466607094, -0.03599338233470917], [0.29084673523902893, -0.12551729381084442, -1.0664702653884888], [0.03621455281972885, 0.4384608864784241, 1.0081124305725098], [-0.26347529888153076, 4.519842147827148, -0.7836408019065857], [0.0646563395857811, 1.6748344898223877, -0.3137100338935852], [-0.8548107743263245, -0.11478770524263382, 0.261872798204422], [-0.7315337061882019, 0.07818862795829773, -0.4485950469970703]], "jaw_pose": [0.038106370717287064, 0.003648574696853757, -0.12550495564937592], "leye_pose": [0.0, 0.0, 0.0], "reye_pose": [0.0, 0.0, 0.0], "lhand_pose": [[0.02277354709804058, 0.4376470148563385, -0.8224464058876038], [0.18650102615356445, -0.1012544259428978, -1.1719372272491455], [-0.08941464871168137, -0.1390710026025772, -0.30315718054771423], [-0.3016277849674225, 0.22141747176647186, -1.291521668434143], [-0.121110700070858, 0.013103670440614223, -0.9583146572113037], [-0.040596507489681244, -0.15093153715133667, -0.5874789953231812], [-0.8608944416046143, -0.5650876760482788, -1.0693408250808716], [-0.27950283885002136, -0.05697545036673546, -0.7245095372200012], [-0.5264590978622437, -0.03462368994951248, -0.36863741278648376], [-0.29515528678894043, -0.20416460931301117, -1.3431687355041504], [-0.4206175208091736, -0.11056584119796753, -0.8556108474731445], [-0.27596384286880493, -0.09680740535259247, -0.586959958076477], [0.9446005821228027, 0.49055078625679016, 0.0854848250746727], [-0.5741738080978394, 0.06258059293031693, -0.17997802793979645], [0.6520922780036926, 0.2470836639404297, -0.17394468188285828]], "rhand_pose": [[0.014696928672492504, -0.2858261466026306, 0.8515773415565491], [0.17047907412052155, 0.08744155615568161, 1.2011706829071045], [-0.08215884864330292, 0.1521778106689453, 0.3703502118587494], [-0.3416323959827423, -0.18198245763778687, 1.2984827756881714], [-0.12875895202159882, -0.025057265534996986, 1.0862921476364136], [-0.038376983255147934, 0.12571391463279724, 0.658359944820404], [-0.8973725438117981, 0.4487149119377136, 1.2409265041351318], [-0.31908470392227173, 0.10532817244529724, 0.7845783233642578], [-0.5192456841468811, 0.03586122766137123, 0.43757927417755127], [-0.32534244656562805, 0.20551683008670807, 1.3872900009155273], [-0.44249263405799866, 0.12461388856172562, 1.0136470794677734], [-0.2680065631866455, 0.08884613960981369, 0.6687813997268677], [0.925968587398529, -0.4473775029182434, -0.023611895740032196], [-0.5139533281326294, -0.04173708334565163, 0.1710827499628067], [0.6837952733039856, -0.2719391882419586, 0.17237770557403564]], "trans": [-0.22049713134765625, 0.764187216758728, 1.7337021827697754], "focal": [1177.7945556640625, 1177.7945556640625], "princpt": [680.0, 384.0], "img_size_wh": [1360, 768], "pad_ratio": 0.0}