{"betas": [-0.3343363106250763, 0.09366895258426666, 0.16644753515720367, 0.11542023718357086, -0.1681595742702484, -0.2886207401752472, -0.07109919935464859, 0.08862324059009552, -0.25787118077278137, 0.0425204336643219], "root_pose": [3.1252071857452393, -0.0558769591152668, 0.06098078936338425], "body_pose": [[-0.15207786858081818, 0.010677091777324677, 0.07473631203174591], [-0.13951988518238068, -0.009662404656410217, -0.08299827575683594], [0.2940887212753296, 0.003875740570947528, 0.016793951392173767], [0.48018717765808105, 0.02353498712182045, -0.05366670712828636], [0.4816030263900757, -0.02112979255616665, 0.0402156226336956], [0.046175844967365265, 0.0067329746671020985, -0.006583241745829582], [-0.157856285572052, 0.1169673278927803, -0.04057922586798668], [-0.11452076584100723, -0.13145168125629425, 0.032108671963214874], [-0.06399890780448914, 0.007582546211779118, -0.006111969705671072], [0.002040601335465908, -0.0057938373647630215, -0.005930554587393999], [0.009512740187346935, -0.0019986049737781286, 0.008686739951372147], [0.20123475790023804, -0.000611473573371768, 0.008000425063073635], [0.049247998744249344, -0.191410630941391, -0.021105697378516197], [-0.02333611622452736, 0.20272384583950043, -0.11450287699699402], [-0.34083202481269836, 0.07088518142700195, -0.12301883846521378], [0.2335810512304306, -0.22325082123279572, -1.0592479705810547], [0.08245209604501724, 0.35317909717559814, 1.129887580871582], [0.1491452008485794, -1.4931527376174927, 0.27178868651390076], [0.06829481571912766, 1.5912837982177734, -0.3357657492160797], [-0.5506990551948547, -0.20804788172245026, 0.29962044954299927], [-0.6982129812240601, 0.1451818197965622, -0.4274527132511139]], "jaw_pose": [0.049015991389751434, -0.008959232829511166, -0.044453129172325134], "leye_pose": [0.0, 0.0, 0.0], "reye_pose": [0.0, 0.0, 0.0], "lhand_pose": [[0.045605409890413284, 0.5015967488288879, -0.8644082546234131], [0.19581671059131622, -0.09393300116062164, -1.080437421798706], [-0.0887485072016716, -0.1372460424900055, -0.26448294520378113], [-0.31150561571121216, 0.22720323503017426, -1.311449408531189], [-0.11706150323152542, 0.014764448627829552, -0.8769654631614685], [-0.03797195106744766, -0.14555780589580536, -0.5405691862106323], [-0.9545904994010925, -0.5959154963493347, -1.1131421327590942], [-0.2429800182580948, -0.07008332014083862, -0.6721935272216797], [-0.5461283326148987, -0.031082922592759132, -0.30213794112205505], [-0.3195738196372986, -0.21529445052146912, -1.3759878873825073], [-0.42215314507484436, -0.13063272833824158, -0.7512107491493225], [-0.26325592398643494, -0.082677461206913, -0.5627762079238892], [0.9536151885986328, 0.622459888458252, 0.04503079503774643], [-0.5482385754585266, 0.050281837582588196, -0.16975091397762299], [0.6387239694595337, 0.24362903833389282, -0.16374622285366058]], "rhand_pose": [[0.03831321373581886, -0.31334713101387024, 0.6892178058624268], [0.16965164244174957, 0.07826752960681915, 1.0389751195907593], [-0.08776257187128067, 0.13424600660800934, 0.29768112301826477], [-0.33371472358703613, -0.16751708090305328, 1.1500886678695679], [-0.12251616269350052, -0.02716880664229393, 0.9364598393440247], [-0.039409056305885315, 0.11028042435646057, 0.5460553765296936], [-0.8721437454223633, 0.5385609865188599, 1.111275315284729], [-0.23426130414009094, 0.08534912019968033, 0.6293158531188965], [-0.5012022256851196, 0.02601727843284607, 0.31118303537368774], [-0.31314700841903687, 0.20656698942184448, 1.2525348663330078], [-0.4233563542366028, 0.14034360647201538, 0.8183809518814087], [-0.25054338574409485, 0.07934968918561935, 0.5646030306816101], [0.9071453213691711, -0.4831787645816803, -0.038656894117593765], [-0.531960666179657, -0.026606464758515358, 0.15929123759269714], [0.6645197868347168, -0.22147057950496674, 0.14065532386302948]], "trans": [-0.2038094401359558, 0.8223567605018616, 1.8016657829284668], "focal": [1177.7945556640625, 1177.7945556640625], "princpt": [680.0, 384.0], "img_size_wh": [1360, 768], "pad_ratio": 0.0}