{"betas": [-0.334675133228302, 0.092177614569664, 0.16559059917926788, 0.11518560349941254, -0.16844192147254944, -0.2879435122013092, -0.07099700719118118, 0.08856643736362457, -0.25705450773239136, 0.0426408089697361], "root_pose": [3.059018611907959, -0.036297816783189774, 0.09707643836736679], "body_pose": [[-0.1872822344303131, 0.007160690147429705, 0.07514892518520355], [-0.17488226294517517, 0.0044129532761871815, -0.08283650875091553], [0.288704514503479, 0.024105383083224297, 0.006342180073261261], [0.5266372561454773, 0.029098639264702797, -0.06226363033056259], [0.5425870418548584, -0.018225206062197685, 0.04835662990808487], [0.03972185030579567, 0.024201296269893646, -0.024516049772500992], [-0.1487351804971695, 0.12314292043447495, -0.04342660680413246], [-0.12641479074954987, -0.1178608238697052, 0.025143157690763474], [-0.07195572555065155, 0.03568611666560173, -0.03287931904196739], [0.004188914783298969, -0.002554690930992365, -0.0021172561682760715], [0.012680665589869022, -0.0005031698383390903, 0.005634967237710953], [0.26671302318573, -0.01848573610186577, -0.017376000061631203], [0.07307273894548416, -0.12886942923069, 0.024830758571624756], [-0.06615765392780304, 0.32865631580352783, -0.06620936095714569], [-0.30625012516975403, 0.035417355597019196, 0.0023373246658593416], [0.27340859174728394, -0.1358555406332016, -1.0631858110427856], [0.05020564794540405, 0.453348308801651, 1.046040654182434], [-0.16426986455917358, 4.495406150817871, -0.828495442867279], [0.06776782870292664, 1.6444896459579468, -0.3114677965641022], [-0.9912986755371094, -0.013131645508110523, 0.3439047336578369], [-0.7983909249305725, 0.1089717224240303, -0.47365236282348633]], "jaw_pose": [0.04355639964342117, 0.008268006145954132, -0.1291840374469757], "leye_pose": [0.0, 0.0, 0.0], "reye_pose": [0.0, 0.0, 0.0], "lhand_pose": [[0.01583968475461006, 0.4317980408668518, -0.797566831111908], [0.18423637747764587, -0.09924530237913132, -1.1506967544555664], [-0.09419392794370651, -0.1403869092464447, -0.3063355088233948], [-0.2994110584259033, 0.23532164096832275, -1.304068922996521], [-0.12904499471187592, 0.01436329074203968, -0.9533248543739319], [-0.04005745053291321, -0.14401693642139435, -0.5962061882019043], [-0.7841356992721558, -0.5581521987915039, -1.0512746572494507], [-0.299815833568573, -0.06341321021318436, -0.7456943392753601], [-0.5117433667182922, -0.04654661938548088, -0.39122095704078674], [-0.2766247093677521, -0.19513899087905884, -1.3391320705413818], [-0.4284004271030426, -0.11579325050115585, -0.8752118945121765], [-0.2713477611541748, -0.08800522238016129, -0.6026473641395569], [0.9033418297767639, 0.4365612268447876, 0.09975582361221313], [-0.5584945678710938, 0.06688465178012848, -0.19464276731014252], [0.6427731513977051, 0.25909870862960815, -0.172923743724823]], "rhand_pose": [[-0.0037087297532707453, -0.3158872723579407, 0.8946768045425415], [0.17769379913806915, 0.08838784694671631, 1.214261770248413], [-0.0901145190000534, 0.14691723883152008, 0.36567220091819763], [-0.34145960211753845, -0.18725666403770447, 1.3092901706695557], [-0.13544343411922455, -0.020563481375575066, 1.0842986106872559], [-0.040723323822021484, 0.12601062655448914, 0.6627806425094604], [-0.8748732805252075, 0.5124533772468567, 1.2198623418807983], [-0.3347804844379425, 0.10659568011760712, 0.797533392906189], [-0.5161412358283997, 0.04328973591327667, 0.4521651566028595], [-0.3195706009864807, 0.22217272222042084, 1.3906081914901733], [-0.45200175046920776, 0.13243791460990906, 1.0200001001358032], [-0.2682366669178009, 0.08208140730857849, 0.6699035167694092], [0.9127835035324097, -0.4395937919616699, -0.04281526431441307], [-0.49520325660705566, -0.048986926674842834, 0.18427446484565735], [0.6814850568771362, -0.2738414406776428, 0.18691647052764893]], "trans": [-0.23656760156154633, 0.7803457379341125, 1.7132855653762817], "focal": [1177.7945556640625, 1177.7945556640625], "princpt": [680.0, 384.0], "img_size_wh": [1360, 768], "pad_ratio": 0.0}