{"betas": [-0.33491191267967224, 0.09243343770503998, 0.16572099924087524, 0.11491955816745758, -0.16823641955852509, -0.28808385133743286, -0.07099004834890366, 0.08859271556138992, -0.2569083571434021, 0.042497728019952774], "root_pose": [3.1023452281951904, -0.03394592925906181, 0.1143585741519928], "body_pose": [[-0.19178761541843414, 0.01300462894141674, 0.09097185730934143], [-0.17802119255065918, -0.0006236982881091535, -0.08812705427408218], [0.2897747755050659, 0.016091784462332726, 0.0028169057331979275], [0.5212827324867249, 0.03866209462285042, -0.06444784998893738], [0.5025777220726013, -0.018940841779112816, 0.05250827595591545], [0.020373133942484856, 0.02143597975373268, -0.02443481609225273], [-0.12908042967319489, 0.10729388892650604, -0.047453831881284714], [-0.10931485891342163, -0.11055305600166321, 0.02340695820748806], [-0.0923391729593277, 0.023822713643312454, -0.02799835614860058], [0.0020905095152556896, -0.005633326712995768, -0.002153666689991951], [0.01234074030071497, -0.0026686908677220345, 0.00738708907738328], [0.26758912205696106, -0.009057477116584778, -0.0027792509645223618], [0.024045292288064957, -0.19583754241466522, 0.005215170327574015], [-0.02789592556655407, 0.30584120750427246, -0.02860115095973015], [-0.257561594247818, 0.03869585320353508, 0.013885894790291786], [0.18926280736923218, -0.22718314826488495, -1.0956337451934814], [0.10971452295780182, 0.4135740101337433, 1.1134264469146729], [-0.012853987514972687, 4.55724573135376, -0.9797002077102661], [0.10517103224992752, 1.5378060340881348, -0.2888644337654114], [-0.9985482096672058, 0.0043342928402125835, 0.35747119784355164], [-0.8269333243370056, 0.2270580381155014, -0.5194140076637268]], "jaw_pose": [0.046400394290685654, 0.009282421320676804, -0.09059007465839386], "leye_pose": [0.0, 0.0, 0.0], "reye_pose": [0.0, 0.0, 0.0], "lhand_pose": [[0.024962514638900757, 0.3758845925331116, -0.7997004389762878], [0.18509988486766815, -0.09977024793624878, -1.1062424182891846], [-0.08911630511283875, -0.1457328051328659, -0.30843672156333923], [-0.30774617195129395, 0.23910404741764069, -1.3284986019134521], [-0.12961089611053467, 0.016472019255161285, -0.920460045337677], [-0.04026646539568901, -0.13817836344242096, -0.6084479689598083], [-0.7743093967437744, -0.512977123260498, -1.1060168743133545], [-0.3094484508037567, -0.0851936936378479, -0.7647542357444763], [-0.5208312273025513, -0.05249200761318207, -0.4008003771305084], [-0.27087536454200745, -0.17168816924095154, -1.384771466255188], [-0.440044105052948, -0.12993095815181732, -0.8656870722770691], [-0.2677602767944336, -0.07154807448387146, -0.6275346875190735], [0.9093418717384338, 0.4382716417312622, 0.062268711626529694], [-0.5369285345077515, 0.047002583742141724, -0.18862934410572052], [0.6409028172492981, 0.2539880573749542, -0.16730226576328278]], "rhand_pose": [[0.004623351152986288, -0.33191603422164917, 0.7116343975067139], [0.17641086876392365, 0.07500801980495453, 1.0103405714035034], [-0.09964990615844727, 0.12471947073936462, 0.2888551354408264], [-0.3368772864341736, -0.16878357529640198, 1.1094640493392944], [-0.1310051828622818, -0.02547057718038559, 0.9188787341117859], [-0.03800935298204422, 0.11981659382581711, 0.5545884966850281], [-0.8186584115028381, 0.5939173102378845, 1.0548900365829468], [-0.262887567281723, 0.08361764252185822, 0.6572402119636536], [-0.49638909101486206, 0.031592145562171936, 0.3310118317604065], [-0.28760653734207153, 0.2187907099723816, 1.2258985042572021], [-0.43098050355911255, 0.14968088269233704, 0.8198290467262268], [-0.24867932498455048, 0.08179516345262527, 0.5665461421012878], [0.8896404504776001, -0.4436964988708496, -0.052058201283216476], [-0.5082113742828369, -0.04761737212538719, 0.17381693422794342], [0.6652328968048096, -0.2384083867073059, 0.1664772629737854]], "trans": [-0.24175287783145905, 0.8200674057006836, 1.7151013612747192], "focal": [1177.7945556640625, 1177.7945556640625], "princpt": [680.0, 384.0], "img_size_wh": [1360, 768], "pad_ratio": 0.0}