{"betas": [-0.33497747778892517, 0.09318515658378601, 0.1670202910900116, 0.1148935928940773, -0.1683487445116043, -0.28874295949935913, -0.07121746242046356, 0.08858613669872284, -0.25711584091186523, 0.042416203767061234], "root_pose": [2.9196362495422363, -0.007892179302871227, 0.14661887288093567], "body_pose": [[-0.17010165750980377, 0.01490757241845131, 0.0796004980802536], [-0.19012689590454102, 0.0019771961960941553, -0.09612347185611725], [0.2943475544452667, -0.028482666239142418, 0.017873387783765793], [0.5069689750671387, 0.02694406919181347, -0.04610156640410423], [0.5330535173416138, -0.001726949936710298, 0.04090944677591324], [0.10913074761629105, -0.0013574674958363175, 0.011059418320655823], [-0.14941003918647766, 0.10461798310279846, -0.04022230580449104], [-0.10969065874814987, -0.09174886345863342, 0.04699625074863434], [-0.059677526354789734, -0.028537567704916, 0.016199303790926933], [0.003793580224737525, -0.0026337539311498404, -0.011936916038393974], [0.009796936996281147, -0.010700829327106476, 0.0021843663416802883], [0.3057463765144348, 0.016660001128911972, 0.0007149954908527434], [-0.05944100394845009, -0.3227415084838867, -0.01044729258865118], [0.07099053263664246, 0.06784127652645111, 0.0096143102273345], [-0.31773293018341064, 0.10818495601415634, -0.1491386741399765], [0.04954349622130394, -0.41799044609069824, -0.9071380496025085], [0.17834646999835968, 0.11075069010257721, 1.097978115081787], [0.01938316412270069, 4.24258279800415, -0.8869602680206299], [0.0677361935377121, 1.521815299987793, -0.35357508063316345], [-0.9000454545021057, 0.044287946075201035, 0.027629289776086807], [-0.550447940826416, 0.17842082679271698, -0.3188789188861847]], "jaw_pose": [0.044748324900865555, -0.028018279001116753, -0.008494256995618343], "leye_pose": [0.0, 0.0, 0.0], "reye_pose": [0.0, 0.0, 0.0], "lhand_pose": [[0.0422203354537487, 0.3143727779388428, -0.7169091701507568], [0.17110604047775269, -0.10541483014822006, -1.076371192932129], [-0.07252632081508636, -0.12874284386634827, -0.3294457197189331], [-0.29179832339286804, 0.2187974601984024, -1.2301725149154663], [-0.12529247999191284, 0.027686122804880142, -0.9163889288902283], [-0.04483141377568245, -0.1410847008228302, -0.5512992739677429], [-0.7777511477470398, -0.3428230285644531, -1.0907131433486938], [-0.24637702107429504, -0.07470032572746277, -0.7333683371543884], [-0.5511954426765442, -0.024294963106513023, -0.3538372218608856], [-0.26218998432159424, -0.06768745929002762, -1.3002358675003052], [-0.408687561750412, -0.08863308280706406, -0.8558436632156372], [-0.28345251083374023, -0.09843865036964417, -0.5760171413421631], [0.9561744332313538, 0.314905047416687, 0.021834736689925194], [-0.5642162561416626, 0.04855487495660782, -0.17827996611595154], [0.6894429922103882, 0.2329271286725998, -0.1895199567079544]], "rhand_pose": [[0.014317277818918228, -0.352346271276474, 0.7447617053985596], [0.16928575932979584, 0.06230804696679115, 0.9418376684188843], [-0.07962322980165482, 0.12058587372303009, 0.2748371362686157], [-0.31721049547195435, -0.14462552964687347, 1.0489156246185303], [-0.11802859604358673, -0.030106229707598686, 0.8241711854934692], [-0.03616556525230408, 0.10067764669656754, 0.46717312932014465], [-0.778052031993866, 0.6093206405639648, 0.8983482718467712], [-0.2378745824098587, 0.0575140081346035, 0.592101514339447], [-0.4810613989830017, 0.01942361146211624, 0.2732754051685333], [-0.2555796504020691, 0.23411843180656433, 1.0939946174621582], [-0.41134729981422424, 0.12171551585197449, 0.7365010976791382], [-0.24501469731330872, 0.06861791759729385, 0.5261825323104858], [0.8943387866020203, -0.4975126087665558, -0.06912045925855637], [-0.5394267439842224, -0.04515339434146881, 0.16820931434631348], [0.6834140419960022, -0.21620489656925201, 0.12902499735355377]], "trans": [-0.25154411792755127, 0.7254119515419006, 1.642987608909607], "focal": [1177.7945556640625, 1177.7945556640625], "princpt": [680.0, 384.0], "img_size_wh": [1360, 768], "pad_ratio": 0.0}