{"betas": [-0.33498573303222656, 0.09289048612117767, 0.16687637567520142, 0.11486303061246872, -0.16849687695503235, -0.28885507583618164, -0.07137499004602432, 0.08853405714035034, -0.25715214014053345, 0.04227704927325249], "root_pose": [2.9619271755218506, -0.024575205519795418, 0.15565556287765503], "body_pose": [[-0.17289067804813385, 0.019046984612941742, 0.09179922938346863], [-0.18889158964157104, -0.0056645735166966915, -0.10047116875648499], [0.30629533529281616, -0.014617407694458961, 0.008489993400871754], [0.5004677772521973, 0.029874229803681374, -0.05228028818964958], [0.5343020558357239, -0.010044778697192669, 0.046003878116607666], [0.09238699078559875, 0.0021835281513631344, -0.00042752339504659176], [-0.14005222916603088, 0.1055964007973671, -0.04575088620185852], [-0.10256673395633698, -0.08901411294937134, 0.04393601417541504], [-0.06572065502405167, -0.015174444764852524, 0.003400893183425069], [0.003078970592468977, -0.0045701852068305016, -0.00488631147891283], [0.01145574077963829, -0.0072943950071930885, 0.0040696049109101295], [0.2624559700489044, 0.010724470019340515, 0.016557687893509865], [-0.06245863065123558, -0.3246704638004303, -0.04969402402639389], [0.07299123704433441, 0.1141432523727417, -0.017999181523919106], [-0.30891576409339905, 0.08548929542303085, -0.11130042374134064], [0.029332544654607773, -0.3974747955799103, -0.891037106513977], [0.20410823822021484, 0.17523886263370514, 1.150526762008667], [0.07050129026174545, 4.278677940368652, -0.9643945693969727], [0.1328164041042328, 1.5631922483444214, -0.3417769968509674], [-0.8874673247337341, 0.009032614529132843, 0.11555163562297821], [-0.5219773054122925, 0.17967987060546875, -0.48551303148269653]], "jaw_pose": [0.05211151763796806, -0.028359392657876015, 0.005342233460396528], "leye_pose": [0.0, 0.0, 0.0], "reye_pose": [0.0, 0.0, 0.0], "lhand_pose": [[0.0471796877682209, 0.32252049446105957, -0.714472234249115], [0.17201435565948486, -0.09972430020570755, -1.0345234870910645], [-0.07851521670818329, -0.13245150446891785, -0.3036099076271057], [-0.2907169461250305, 0.21668489277362823, -1.241801381111145], [-0.12448512017726898, 0.02942636050283909, -0.9142014384269714], [-0.040788304060697556, -0.14072754979133606, -0.545987606048584], [-0.7734702825546265, -0.40200862288475037, -1.0646666288375854], [-0.2555813789367676, -0.07667391747236252, -0.7230430841445923], [-0.537287175655365, -0.030463984236121178, -0.3542848825454712], [-0.2629275321960449, -0.09697294235229492, -1.3294702768325806], [-0.416556179523468, -0.09784917533397675, -0.8415753245353699], [-0.2758053243160248, -0.09306252002716064, -0.5708708763122559], [0.9586194157600403, 0.39111003279685974, 0.0017491286853328347], [-0.5402990579605103, 0.04910942539572716, -0.1727665513753891], [0.673835277557373, 0.23702512681484222, -0.19091737270355225]], "rhand_pose": [[0.020510543137788773, -0.33942973613739014, 0.6954504251480103], [0.1683024913072586, 0.06475326418876648, 0.9455630779266357], [-0.08306029438972473, 0.12125930190086365, 0.27886059880256653], [-0.3172721564769745, -0.15413431823253632, 1.0117921829223633], [-0.11937607824802399, -0.023613033816218376, 0.8481423854827881], [-0.03583890572190285, 0.10500877350568771, 0.4876769781112671], [-0.7898510694503784, 0.6082957983016968, 0.9131045341491699], [-0.23766398429870605, 0.06066179275512695, 0.5943165421485901], [-0.48094499111175537, 0.019075587391853333, 0.2845897674560547], [-0.2662773132324219, 0.22624266147613525, 1.0891908407211304], [-0.4095586836338043, 0.1301317662000656, 0.754781186580658], [-0.24364809691905975, 0.07541901618242264, 0.5309993624687195], [0.8873720169067383, -0.44827044010162354, -0.07111675292253494], [-0.5216192007064819, -0.04640486091375351, 0.1559407114982605], [0.6701499819755554, -0.21195156872272491, 0.13969013094902039]], "trans": [-0.25059548020362854, 0.7499599456787109, 1.663123369216919], "focal": [1177.7945556640625, 1177.7945556640625], "princpt": [680.0, 384.0], "img_size_wh": [1360, 768], "pad_ratio": 0.0}