{"betas": [-0.3349720239639282, 0.0923938900232315, 0.1660570502281189, 0.11486859619617462, -0.1682640016078949, -0.28831586241722107, -0.07121632248163223, 0.08859415352344513, -0.25698959827423096, 0.04231158271431923], "root_pose": [3.1071107387542725, -0.05573137849569321, 0.12465464323759079], "body_pose": [[-0.18073756992816925, 0.01611710526049137, 0.09289988875389099], [-0.1668681502342224, -0.006871113087981939, -0.0918269008398056], [0.2868267297744751, 0.011129924096167088, 0.002719272393733263], [0.5014459490776062, 0.041043512523174286, -0.06376536935567856], [0.4867440164089203, -0.023210108280181885, 0.05310212820768356], [0.01803230121731758, 0.018287917599081993, -0.022734833881258965], [-0.11931132525205612, 0.10340327769517899, -0.04940300062298775], [-0.09908636659383774, -0.10432901978492737, 0.023315107449889183], [-0.09815502166748047, 0.01671348698437214, -0.024821503087878227], [0.0016254025977104902, -0.006140402052551508, -0.0007106608245521784], [0.012285214848816395, -0.00400214409455657, 0.008280935697257519], [0.2731471061706543, -0.004575867205858231, 0.005829860921949148], [-0.018332652747631073, -0.25235772132873535, -0.028925400227308273], [0.00012396217789500952, 0.26854461431503296, -0.025820037350058556], [-0.2495831400156021, 0.03951811045408249, 0.008014281280338764], [0.12433259189128876, -0.2974214255809784, -1.066227674484253], [0.14657796919345856, 0.36695343255996704, 1.1504602432250977], [-0.03740498796105385, -1.5428699254989624, 0.35450661182403564], [0.11472762376070023, 1.5080667734146118, -0.2855742573738098], [-0.9753018617630005, -0.0454307422041893, 0.28812509775161743], [-0.8277087807655334, 0.21033687889575958, -0.5259842276573181]], "jaw_pose": [0.04678933694958687, 0.0026262488681823015, -0.049244582653045654], "leye_pose": [0.0, 0.0, 0.0], "reye_pose": [0.0, 0.0, 0.0], "lhand_pose": [[0.03291226178407669, 0.33274543285369873, -0.7742096185684204], [0.183793842792511, -0.09871119260787964, -1.0467119216918945], [-0.08696846663951874, -0.14730167388916016, -0.2908414900302887], [-0.30963999032974243, 0.22259637713432312, -1.3045523166656494], [-0.1266857385635376, 0.020028283819556236, -0.8889787793159485], [-0.03872409462928772, -0.13744355738162994, -0.5858641266822815], [-0.7727287411689758, -0.4856991171836853, -1.1025614738464355], [-0.29347464442253113, -0.08789104968309402, -0.7375598549842834], [-0.5216076374053955, -0.05145983025431633, -0.3708163797855377], [-0.2666073739528656, -0.15968972444534302, -1.374898910522461], [-0.43447306752204895, -0.13612456619739532, -0.8257837295532227], [-0.2650672495365143, -0.06937399506568909, -0.614501416683197], [0.9261415600776672, 0.45632636547088623, 0.030743075534701347], [-0.5307388305664062, 0.03714969754219055, -0.18079757690429688], [0.6453185081481934, 0.24597840011119843, -0.16828452050685883]], "rhand_pose": [[0.015203287824988365, -0.3426569998264313, 0.6436287760734558], [0.18045827746391296, 0.06852821260690689, 0.8990733623504639], [-0.10435958951711655, 0.11778900772333145, 0.24310345947742462], [-0.3313907980918884, -0.17376258969306946, 1.0283901691436768], [-0.12402446568012238, -0.03289377689361572, 0.8257346749305725], [-0.03389438986778259, 0.11933888494968414, 0.4958345890045166], [-0.8250020146369934, 0.6025645732879639, 1.0197288990020752], [-0.2123512178659439, 0.07379037886857986, 0.5844041705131531], [-0.49015867710113525, 0.02142258919775486, 0.2608952224254608], [-0.28120532631874084, 0.20755212008953094, 1.1709693670272827], [-0.4143878221511841, 0.1521967351436615, 0.7055895924568176], [-0.23900718986988068, 0.08454766124486923, 0.5144646167755127], [0.8899258375167847, -0.4724522829055786, -0.035530686378479004], [-0.516196072101593, -0.04506496712565422, 0.15866130590438843], [0.6590486168861389, -0.21818126738071442, 0.16204114258289337]], "trans": [-0.23813828825950623, 0.8310576677322388, 1.7106364965438843], "focal": [1177.7945556640625, 1177.7945556640625], "princpt": [680.0, 384.0], "img_size_wh": [1360, 768], "pad_ratio": 0.0}