{"betas": [-0.3349560797214508, 0.09268467128276825, 0.16657936573028564, 0.1148449033498764, -0.16828496754169464, -0.28885576128959656, -0.07117900252342224, 0.08854112774133682, -0.25688356161117554, 0.042350053787231445], "root_pose": [3.010241746902466, -0.03672357276082039, 0.15988941490650177], "body_pose": [[-0.17964307963848114, 0.019352158531546593, 0.09834975749254227], [-0.18524731695652008, -0.01213632058352232, -0.10101278871297836], [0.3090735077857971, -0.0065697431564331055, 0.00400505168363452], [0.5019458532333374, 0.03287053108215332, -0.05899237468838692], [0.5314787030220032, -0.020917369052767754, 0.05227183550596237], [0.07306478917598724, 0.0034775598905980587, -0.0063307685777544975], [-0.129305899143219, 0.10452155023813248, -0.04925934970378876], [-0.09693552553653717, -0.09159335494041443, 0.03733813390135765], [-0.07463810592889786, -0.006649705581367016, -0.0036278364714235067], [0.0022437358275055885, -0.005503083113580942, -0.0008213403634727001], [0.012784833088517189, -0.005461567081511021, 0.007562737911939621], [0.2570323348045349, 0.008614896796643734, 0.021943865343928337], [-0.06925991922616959, -0.32374098896980286, -0.06740899384021759], [0.06144517660140991, 0.1485334187746048, -0.03893488273024559], [-0.2880750000476837, 0.07181940972805023, -0.08178099244832993], [0.022861072793602943, -0.38841676712036133, -0.9028037190437317], [0.2068898230791092, 0.22322529554367065, 1.1789255142211914], [0.12722422182559967, 4.367467880249023, -1.0059525966644287], [0.13916245102882385, 1.5703462362289429, -0.32331904768943787], [-0.8947280049324036, -0.0448051393032074, 0.1525428742170334], [-0.6251298189163208, 0.15229687094688416, -0.5066861510276794]], "jaw_pose": [0.05615761876106262, -0.026481719687581062, 0.015105239115655422], "leye_pose": [0.0, 0.0, 0.0], "reye_pose": [0.0, 0.0, 0.0], "lhand_pose": [[0.04327017813920975, 0.3380674719810486, -0.7071741819381714], [0.17696481943130493, -0.0956045389175415, -1.0008944272994995], [-0.08354214578866959, -0.13494941592216492, -0.27947765588760376], [-0.2911248207092285, 0.2124572992324829, -1.244333028793335], [-0.12385696917772293, 0.03009873814880848, -0.8927274346351624], [-0.0389413945376873, -0.13780565559864044, -0.5284219980239868], [-0.7326895594596863, -0.47464898228645325, -1.0025978088378906], [-0.263837993144989, -0.07384497672319412, -0.6877943873405457], [-0.5225722193717957, -0.040600989013910294, -0.3304829001426697], [-0.2574615180492401, -0.12244013696908951, -1.3180686235427856], [-0.4176417291164398, -0.11344476044178009, -0.7941914200782776], [-0.26651644706726074, -0.08432852476835251, -0.5543811321258545], [0.9364491701126099, 0.4368533790111542, 0.010722287930548191], [-0.5290524959564209, 0.0485248863697052, -0.1730334758758545], [0.6521278023719788, 0.2402048259973526, -0.1797824203968048]], "rhand_pose": [[0.020362067967653275, -0.3667933940887451, 0.7019416093826294], [0.17577405273914337, 0.06572768092155457, 0.9544133543968201], [-0.0903681069612503, 0.12177273631095886, 0.2657393217086792], [-0.3190224766731262, -0.17547069489955902, 1.039670467376709], [-0.11867153644561768, -0.02522142603993416, 0.8464171886444092], [-0.03554657846689224, 0.10860671103000641, 0.49715715646743774], [-0.8146114945411682, 0.6165682673454285, 0.9668432474136353], [-0.23379231989383698, 0.06804317981004715, 0.5940645933151245], [-0.4856814742088318, 0.021843457594513893, 0.2841416299343109], [-0.27779093384742737, 0.22819218039512634, 1.1404203176498413], [-0.4132290184497833, 0.14242759346961975, 0.7424291968345642], [-0.24172386527061462, 0.0759541243314743, 0.5321258902549744], [0.8833901286125183, -0.4457148313522339, -0.06944909691810608], [-0.5123441815376282, -0.04708694666624069, 0.15434186160564423], [0.6542015671730042, -0.2131776511669159, 0.14323213696479797]], "trans": [-0.24979329109191895, 0.7765144109725952, 1.6833585500717163], "focal": [1177.7945556640625, 1177.7945556640625], "princpt": [680.0, 384.0], "img_size_wh": [1360, 768], "pad_ratio": 0.0}