{"betas": [-0.33491700887680054, 0.09263092279434204, 0.1662163883447647, 0.1148810163140297, -0.16817902028560638, -0.2884693443775177, -0.07107508182525635, 0.08859745413064957, -0.2567640244960785, 0.04231373965740204], "root_pose": [3.0919530391693115, -0.06324301660060883, 0.13906951248645782], "body_pose": [[-0.17653067409992218, 0.018229888752102852, 0.09604272991418839], [-0.1650458127260208, -0.012064104899764061, -0.09546630829572678], [0.2921670377254486, 0.005414297338575125, 0.0022559980861842632], [0.49349454045295715, 0.04015997052192688, -0.06397511810064316], [0.49478378891944885, -0.02796808071434498, 0.05413730815052986], [0.029440151527523994, 0.011734058149158955, -0.018762318417429924], [-0.11558029055595398, 0.10255187004804611, -0.050888389348983765], [-0.09393824636936188, -0.09890904277563095, 0.025142382830381393], [-0.0953083336353302, 0.008720476180315018, -0.019501104950904846], [0.0018188233952969313, -0.005854739807546139, 0.0006577281164936721], [0.01277737133204937, -0.004724590573459864, 0.00950547680258751], [0.26758331060409546, 0.0012939362786710262, 0.01633136346936226], [-0.05468768998980522, -0.2966514527797699, -0.064400814473629], [0.028102360665798187, 0.2228018045425415, -0.03327015042304993], [-0.25496745109558105, 0.04802694916725159, -0.012639124877750874], [0.06379873305559158, -0.35188549757003784, -1.0025644302368164], [0.18017615377902985, 0.3116355538368225, 1.1761964559555054], [0.19594547152519226, 4.541827201843262, -1.081299901008606], [0.12155510485172272, 1.5288362503051758, -0.29184916615486145], [-0.9472646117210388, -0.07126345485448837, 0.21201446652412415], [-0.8200713396072388, 0.17070606350898743, -0.5134231448173523]], "jaw_pose": [0.050033897161483765, -0.008789369836449623, -0.008509332314133644], "leye_pose": [0.0, 0.0, 0.0], "reye_pose": [0.0, 0.0, 0.0], "lhand_pose": [[0.03779742866754532, 0.3213781714439392, -0.7351033687591553], [0.1814083307981491, -0.09548167139291763, -0.9946238994598389], [-0.08621502667665482, -0.14393916726112366, -0.2703213691711426], [-0.30442163348197937, 0.21012863516807556, -1.2694191932678223], [-0.12401376664638519, 0.026329822838306427, -0.8702283501625061], [-0.03794734179973602, -0.13710694015026093, -0.5473393797874451], [-0.7499319314956665, -0.48706886172294617, -1.0520273447036743], [-0.2737954258918762, -0.08140675723552704, -0.6949829459190369], [-0.5191206932067871, -0.04839959740638733, -0.33180657029151917], [-0.25814753770828247, -0.1495596319437027, -1.3402466773986816], [-0.4247961938381195, -0.13483823835849762, -0.7805842757225037], [-0.26116469502449036, -0.0714152529835701, -0.5813255310058594], [0.931690514087677, 0.4696279466152191, 0.012826081365346909], [-0.5272034406661987, 0.03764037787914276, -0.17526786029338837], [0.6430489420890808, 0.24154216051101685, -0.1690671592950821]], "rhand_pose": [[0.020887430757284164, -0.36790385842323303, 0.6492145657539368], [0.18424874544143677, 0.06629836559295654, 0.8910001516342163], [-0.1037355363368988, 0.11764849722385406, 0.23024408519268036], [-0.3278685510158539, -0.18584322929382324, 1.0287491083145142], [-0.11888206005096436, -0.034411922097206116, 0.8047747015953064], [-0.032468587160110474, 0.11712646484375, 0.48090508580207825], [-0.8439838886260986, 0.6110078692436218, 1.0313680171966553], [-0.20042292773723602, 0.07221084088087082, 0.5635841488838196], [-0.48948654532432556, 0.0187588632106781, 0.244007408618927], [-0.28732743859291077, 0.21277916431427002, 1.1761856079101562], [-0.40897759795188904, 0.153042271733284, 0.6753921508789062], [-0.2363537847995758, 0.08281571418046951, 0.5047547817230225], [0.8896200656890869, -0.4818456470966339, -0.039545197039842606], [-0.5155220627784729, -0.04465698078274727, 0.15108278393745422], [0.6511989831924438, -0.21070915460586548, 0.15531927347183228]], "trans": [-0.24019700288772583, 0.8260863423347473, 1.7053078413009644], "focal": [1177.7945556640625, 1177.7945556640625], "princpt": [680.0, 384.0], "img_size_wh": [1360, 768], "pad_ratio": 0.0}