{"betas": [-0.3349936902523041, 0.09307389706373215, 0.1671873778104782, 0.11478687077760696, -0.16838207840919495, -0.2889844477176666, -0.07134262472391129, 0.08855672925710678, -0.25716447830200195, 0.042298443615436554], "root_pose": [2.928776502609253, -0.014115793630480766, 0.14979144930839539], "body_pose": [[-0.17125125229358673, 0.016848275437951088, 0.08550822734832764], [-0.19233918190002441, 0.000909206282813102, -0.09691751003265381], [0.30022960901260376, -0.022473273798823357, 0.013222560286521912], [0.5038900375366211, 0.028674716129899025, -0.0477302260696888], [0.5373343825340271, -0.0036268492694944143, 0.04177546128630638], [0.10441941767930984, 0.0005399732617661357, 0.005132667254656553], [-0.14321991801261902, 0.10575225204229355, -0.043157223612070084], [-0.10657593607902527, -0.089785136282444, 0.04654614254832268], [-0.060903601348400116, -0.02332920767366886, 0.01001426950097084], [0.0036269386764615774, -0.0033912998624145985, -0.0090830959379673], [0.010213091969490051, -0.009629552252590656, 0.002069296548143029], [0.28564879298210144, 0.014245801605284214, 0.008607067167758942], [-0.060920484364032745, -0.32425835728645325, -0.027844542637467384], [0.07702802121639252, 0.08533599227666855, 0.0036222587805241346], [-0.31941717863082886, 0.09834516793489456, -0.13391262292861938], [0.037712931632995605, -0.4091201722621918, -0.8962768316268921], [0.1945938915014267, 0.1329687088727951, 1.1199740171432495], [0.04355178028345108, 4.236717700958252, -0.9251784682273865], [0.10520299524068832, 1.5441089868545532, -0.3534562885761261], [-0.897609293460846, 0.05916823074221611, 0.05813255161046982], [-0.5108969807624817, 0.1888129711151123, -0.41627243161201477]], "jaw_pose": [0.047057148069143295, -0.028403254225850105, -0.0037048812955617905], "leye_pose": [0.0, 0.0, 0.0], "reye_pose": [0.0, 0.0, 0.0], "lhand_pose": [[0.04736927151679993, 0.3063826560974121, -0.7181112766265869], [0.16938993334770203, -0.10324232280254364, -1.0636447668075562], [-0.07343045622110367, -0.13115322589874268, -0.32326292991638184], [-0.2912164628505707, 0.21934601664543152, -1.237971305847168], [-0.1250898689031601, 0.02921699918806553, -0.9213745594024658], [-0.0432254783809185, -0.14231081306934357, -0.5568439960479736], [-0.7917635440826416, -0.3371666669845581, -1.1092005968093872], [-0.24843652546405792, -0.07827286422252655, -0.7453874349594116], [-0.5482346415519714, -0.022815033793449402, -0.36380735039711], [-0.26374727487564087, -0.07292646914720535, -1.3244298696517944], [-0.41300147771835327, -0.08889265358448029, -0.8660104274749756], [-0.2820766568183899, -0.0974373072385788, -0.5830067992210388], [0.9704951643943787, 0.3391321301460266, 0.004171926993876696], [-0.5552735328674316, 0.04818236455321312, -0.1745673269033432], [0.6890456676483154, 0.23465940356254578, -0.19526886940002441]], "rhand_pose": [[0.018841076642274857, -0.3317556381225586, 0.709353506565094], [0.16468602418899536, 0.0643661841750145, 0.9433954954147339], [-0.07858598977327347, 0.12060549110174179, 0.28259581327438354], [-0.31721392273902893, -0.1432008594274521, 1.0194664001464844], [-0.11901316791772842, -0.026278207078576088, 0.842103123664856], [-0.03612680360674858, 0.10235884040594101, 0.4783746302127838], [-0.776504635810852, 0.6033957004547119, 0.897459089756012], [-0.23898111283779144, 0.05795103311538696, 0.5974804162979126], [-0.48058584332466125, 0.017754245549440384, 0.28067293763160706], [-0.25812917947769165, 0.2282238006591797, 1.079729437828064], [-0.4089686870574951, 0.12313413619995117, 0.7534669637680054], [-0.24495084583759308, 0.07196643203496933, 0.5313336849212646], [0.8938387632369995, -0.4631558954715729, -0.07141701877117157], [-0.5327277779579163, -0.04597723111510277, 0.16161765158176422], [0.6828251481056213, -0.21419906616210938, 0.13651390373706818]], "trans": [-0.252119243144989, 0.7309396862983704, 1.6483678817749023], "focal": [1177.7945556640625, 1177.7945556640625], "princpt": [680.0, 384.0], "img_size_wh": [1360, 768], "pad_ratio": 0.0}