{"betas": [-0.3348618447780609, 0.09208294004201889, 0.1656353920698166, 0.11508457362651825, -0.16837848722934723, -0.28794947266578674, -0.07099448144435883, 0.08855724334716797, -0.2569475769996643, 0.0425947941839695], "root_pose": [3.079926013946533, -0.02492852881550789, 0.10542238503694534], "body_pose": [[-0.19555014371871948, 0.009651045314967632, 0.08551974594593048], [-0.1829460859298706, 0.0027873788494616747, -0.08480636030435562], [0.2906409800052643, 0.020364565774798393, 0.003346022916957736], [0.5305384397506714, 0.033126771450042725, -0.06434241682291031], [0.5255483984947205, -0.018709396943449974, 0.05144369229674339], [0.030430901795625687, 0.02165641076862812, -0.025085216388106346], [-0.13859517872333527, 0.11509975045919418, -0.04543100669980049], [-0.11949611455202103, -0.11436685919761658, 0.023477552458643913], [-0.08148147165775299, 0.0303109809756279, -0.03135661035776138], [0.0033082037698477507, -0.003973959479480982, -0.0024634753353893757], [0.012627029791474342, -0.0012191218556836247, 0.0069651054218411446], [0.2653948664665222, -0.014012617990374565, -0.01085533108562231], [0.05474891513586044, -0.15240365266799927, 0.02143016643822193], [-0.05227101966738701, 0.3260997235774994, -0.046997588127851486], [-0.27890902757644653, 0.038612741976976395, 0.011633559130132198], [0.23986771702766418, -0.17179565131664276, -1.084511160850525], [0.07480686157941818, 0.4414025545120239, 1.0756460428237915], [-0.10527793318033218, 4.517370700836182, -0.8993231058120728], [0.08709335327148438, 1.5925421714782715, -0.3030968904495239], [-1.0060622692108154, 0.01753530092537403, 0.3751729428768158], [-0.8142082691192627, 0.18490788340568542, -0.4905061721801758]], "jaw_pose": [0.046769507229328156, 0.009773236699402332, -0.11600854992866516], "leye_pose": [0.0, 0.0, 0.0], "reye_pose": [0.0, 0.0, 0.0], "lhand_pose": [[0.018279744312167168, 0.41639766097068787, -0.7953425645828247], [0.18433193862438202, -0.09969116002321243, -1.1311876773834229], [-0.09317446500062943, -0.14196303486824036, -0.30786049365997314], [-0.3012647032737732, 0.2427654266357422, -1.314264178276062], [-0.1305927336215973, 0.015894023701548576, -0.9356852173805237], [-0.04049287363886833, -0.140259250998497, -0.6007996201515198], [-0.7655683159828186, -0.5472687482833862, -1.064340353012085], [-0.3063162565231323, -0.07352358847856522, -0.7559306621551514], [-0.5145151019096375, -0.05002472549676895, -0.39816519618034363], [-0.2700952887535095, -0.18412898480892181, -1.3530011177062988], [-0.4351869821548462, -0.1213783323764801, -0.8699758052825928], [-0.26827624440193176, -0.07940585911273956, -0.6132645606994629], [0.8961181640625, 0.4319639205932617, 0.08697603642940521], [-0.546391487121582, 0.05972003936767578, -0.19277535378932953], [0.638501763343811, 0.258209228515625, -0.1702961027622223]], "rhand_pose": [[-0.0038765689823776484, -0.3315276503562927, 0.8214172720909119], [0.17755867540836334, 0.08313484489917755, 1.135184407234192], [-0.09515272825956345, 0.13610662519931793, 0.33273980021476746], [-0.33922243118286133, -0.1767406016588211, 1.2256474494934082], [-0.13524125516414642, -0.020406605675816536, 1.018892765045166], [-0.04041455686092377, 0.12219570577144623, 0.616554319858551], [-0.8388234972953796, 0.5685771703720093, 1.1329277753829956], [-0.31053584814071655, 0.09710120409727097, 0.7380503416061401], [-0.5050116777420044, 0.04074425250291824, 0.4030367434024811], [-0.3040112555027008, 0.2297283262014389, 1.3172953128814697], [-0.4446832239627838, 0.14285168051719666, 0.9391088485717773], [-0.2597722113132477, 0.08017011731863022, 0.6246752738952637], [0.8979840278625488, -0.4357863664627075, -0.05578995496034622], [-0.49733981490135193, -0.04931402951478958, 0.1824447065591812], [0.6733098030090332, -0.25860950350761414, 0.17709282040596008]], "trans": [-0.24313047528266907, 0.8005774617195129, 1.713865041732788], "focal": [1177.7945556640625, 1177.7945556640625], "princpt": [680.0, 384.0], "img_size_wh": [1360, 768], "pad_ratio": 0.0}