{"betas": [-0.33485838770866394, 0.09267807006835938, 0.1663285344839096, 0.11484940350055695, -0.1681821346282959, -0.28868812322616577, -0.0709991529583931, 0.08860545605421066, -0.2568635940551758, 0.042395930737257004], "root_pose": [3.0589447021484375, -0.0512951985001564, 0.15434274077415466], "body_pose": [[-0.18019966781139374, 0.01892339624464512, 0.10005763173103333], [-0.17541474103927612, -0.014238597825169563, -0.09862638264894485], [0.30349189043045044, -8.601800800533965e-05, 0.001924012554809451], [0.49922141432762146, 0.03688593953847885, -0.06334498524665833], [0.518244206905365, -0.02819819003343582, 0.054980743676424026], [0.05041275918483734, 0.006159293930977583, -0.012707393616437912], [-0.11915426701307297, 0.10305926948785782, -0.051384150981903076], [-0.0939895287156105, -0.09530741721391678, 0.029771769419312477], [-0.08562008291482925, 0.0010054240701720119, -0.011518094688653946], [0.0019283149158582091, -0.005737473256886005, 0.0010638213716447353], [0.013217874802649021, -0.0049016824923455715, 0.009644283913075924], [0.26073044538497925, 0.006546229589730501, 0.022802218794822693], [-0.07178974896669388, -0.31748878955841064, -0.07664088159799576], [0.04785569757223129, 0.18306221067905426, -0.04098648205399513], [-0.26795122027397156, 0.059901490807533264, -0.04667788743972778], [0.02916470170021057, -0.3778797388076782, -0.9402773976325989], [0.20075377821922302, 0.265447199344635, 1.1882190704345703], [0.1923999935388565, 4.464402675628662, -1.0529260635375977], [0.1306498646736145, 1.5601396560668945, -0.3043120205402374], [-0.9203412532806396, -0.06731081008911133, 0.16963507235050201], [-0.7583086490631104, 0.1447417438030243, -0.5086115598678589]], "jaw_pose": [0.05418992415070534, -0.019728561863303185, 0.013554129749536514], "leye_pose": [0.0, 0.0, 0.0], "reye_pose": [0.0, 0.0, 0.0], "lhand_pose": [[0.04081505909562111, 0.33306747674942017, -0.7091221213340759], [0.17993506789207458, -0.09355723112821579, -0.9816972017288208], [-0.0854734256863594, -0.13900254666805267, -0.2659205496311188], [-0.2961120307445526, 0.20873905718326569, -1.2512339353561401], [-0.12333036214113235, 0.03025169111788273, -0.8752903938293457], [-0.038062818348407745, -0.13675019145011902, -0.5252788066864014], [-0.7248739004135132, -0.4964199960231781, -1.001676321029663], [-0.26681017875671387, -0.07490178197622299, -0.673859715461731], [-0.5167819857597351, -0.04611821845173836, -0.3165501058101654], [-0.25438031554222107, -0.13936494290828705, -1.318535327911377], [-0.4191236197948456, -0.1269490271806717, -0.7673668265342712], [-0.26078546047210693, -0.07629434019327164, -0.556210994720459], [0.9290053844451904, 0.462379515171051, 0.012565321289002895], [-0.5257529616355896, 0.04379696026444435, -0.17387723922729492], [0.6408770084381104, 0.24145296216011047, -0.17159362137317657]], "rhand_pose": [[0.021356379613280296, -0.38004398345947266, 0.6804388165473938], [0.18133535981178284, 0.06601856648921967, 0.9327971935272217], [-0.097671739757061, 0.119913250207901, 0.24581068754196167], [-0.32330381870269775, -0.18829993903636932, 1.0467044115066528], [-0.11771582067012787, -0.030261831358075142, 0.825828492641449], [-0.034164562821388245, 0.11281994730234146, 0.49252939224243164], [-0.8381483554840088, 0.6180997490882874, 1.0169603824615479], [-0.21783384680747986, 0.07194657623767853, 0.5789543986320496], [-0.4891726076602936, 0.02132154256105423, 0.2654763460159302], [-0.2866363823413849, 0.223552405834198, 1.1746727228164673], [-0.4120049774646759, 0.15065541863441467, 0.7061852812767029], [-0.23877118527889252, 0.07832585275173187, 0.5210748314857483], [0.8852367401123047, -0.4605523347854614, -0.05883875489234924], [-0.5116379857063293, -0.046424418687820435, 0.1521604359149933], [0.646375834941864, -0.21208196878433228, 0.1481781005859375]], "trans": [-0.24656343460083008, 0.8047072887420654, 1.6990853548049927], "focal": [1177.7945556640625, 1177.7945556640625], "princpt": [680.0, 384.0], "img_size_wh": [1360, 768], "pad_ratio": 0.0}