{"betas": [-0.3348917067050934, 0.09314918518066406, 0.16672666370868683, 0.11520986258983612, -0.16849660873413086, -0.28876250982284546, -0.07111356407403946, 0.08866292983293533, -0.25730812549591064, 0.04256556183099747], "root_pose": [3.0860538482666016, -0.015730848535895348, 0.19965505599975586], "body_pose": [[-0.17450211942195892, 0.006313295569270849, 0.09437818080186844], [-0.1635129153728485, -0.022267024964094162, -0.09128894656896591], [0.2881243824958801, -0.007116906810551882, 0.019407322630286217], [0.5001053214073181, 0.03177185729146004, -0.05708896368741989], [0.48284825682640076, -0.033148881047964096, 0.05519774928689003], [0.037963662296533585, 0.0007564766565337777, 0.016203446313738823], [-0.1333651840686798, 0.10415606200695038, -0.04499806836247444], [-0.07426853477954865, -0.1124986857175827, 0.03545574098825455], [-0.09222184121608734, -0.005217142403125763, 0.018609141930937767], [0.001976342871785164, -0.005603963974863291, -0.0036077569238841534], [0.010290169157087803, -0.0031298762187361717, 0.010939770378172398], [0.3014688789844513, 0.005319737829267979, 0.0060944939032197], [-0.016627851873636246, -0.3609406352043152, -0.01692870259284973], [0.020996972918510437, 0.1837904006242752, -0.059263598173856735], [-0.27224206924438477, 0.08659300208091736, -0.1661565601825714], [0.14878979325294495, -0.4129534959793091, -1.0417855978012085], [0.11891988664865494, 0.2477945238351822, 1.1383429765701294], [0.10423748195171356, -1.5000942945480347, 0.23849602043628693], [0.041037481278181076, 1.3850376605987549, -0.3236965239048004], [-0.784140408039093, -0.24815773963928223, 0.45401105284690857], [-0.568439781665802, 0.0700545385479927, -0.47530683875083923]], "jaw_pose": [0.05206074193120003, -0.02246459387242794, -0.001394175342284143], "leye_pose": [0.0, 0.0, 0.0], "reye_pose": [0.0, 0.0, 0.0], "lhand_pose": [[0.034423813223838806, 0.4392346441745758, -0.6132235527038574], [0.1804840862751007, -0.09520196914672852, -0.9198529124259949], [-0.09372791647911072, -0.14128048717975616, -0.26398664712905884], [-0.3159772455692291, 0.22969630360603333, -1.2427964210510254], [-0.12384174019098282, 0.022899143397808075, -0.8152772784233093], [-0.0362507663667202, -0.14240829646587372, -0.5105487704277039], [-0.7549492716789246, -0.6039815545082092, -0.9436109066009521], [-0.24372641742229462, -0.0706251710653305, -0.6234607696533203], [-0.5018465518951416, -0.04607769846916199, -0.2849842607975006], [-0.28428882360458374, -0.19940942525863647, -1.2770267724990845], [-0.4114835262298584, -0.13288290798664093, -0.7048066258430481], [-0.2523767054080963, -0.08322109282016754, -0.5299952626228333], [0.8897637128829956, 0.43605712056159973, 0.06356656551361084], [-0.5383284687995911, 0.048997148871421814, -0.15861590206623077], [0.6488602757453918, 0.2293313443660736, -0.18419289588928223]], "rhand_pose": [[0.03392016515135765, -0.47040387988090515, 0.7390886545181274], [0.1909828931093216, 0.07185561209917068, 0.8399256467819214], [-0.11385774612426758, 0.13236312568187714, 0.19687709212303162], [-0.32673564553260803, -0.2106468379497528, 1.0974711179733276], [-0.1219143271446228, -0.048651114106178284, 0.7138858437538147], [-0.02910573035478592, 0.12061306089162827, 0.4412139356136322], [-0.8852660059928894, 0.686864972114563, 1.0147639513015747], [-0.18887397646903992, 0.06922773271799088, 0.5396891832351685], [-0.4774457514286041, 0.017960703000426292, 0.21714849770069122], [-0.30347880721092224, 0.25254717469215393, 1.190541386604309], [-0.41885891556739807, 0.1476266235113144, 0.6105841994285583], [-0.23131634294986725, 0.07240262627601624, 0.48841726779937744], [0.8780561685562134, -0.6396735310554504, -0.007474376820027828], [-0.5142198204994202, -0.03216075152158737, 0.13399659097194672], [0.6621519923210144, -0.20972469449043274, 0.1700308471918106]], "trans": [-0.28114011883735657, 0.8063989877700806, 1.6725482940673828], "focal": [1177.7945556640625, 1177.7945556640625], "princpt": [680.0, 384.0], "img_size_wh": [1360, 768], "pad_ratio": 0.0}