{"betas": [-0.33518415689468384, 0.09224023669958115, 0.16647902131080627, 0.11520510166883469, -0.16817134618759155, -0.2892053425312042, -0.07078514248132706, 0.08880778402090073, -0.2580418884754181, 0.042599111795425415], "root_pose": [3.050676107406616, -0.0525713674724102, 0.14714328944683075], "body_pose": [[-0.19190509617328644, 0.0016546905972063541, 0.06971894204616547], [-0.14173515141010284, 0.0038793091662228107, -0.08442885428667068], [0.2995128333568573, 0.018057653680443764, 0.016279900446534157], [0.5312310457229614, 0.03329835087060928, -0.05706668645143509], [0.5315346121788025, -0.006868260446935892, 0.048280131071805954], [0.04337887093424797, 0.029516207054257393, -0.022573288530111313], [-0.13741524517536163, 0.10704726725816727, -0.04809008911252022], [-0.11959695816040039, -0.12927690148353577, 0.029840487986803055], [-0.07823648303747177, 0.02485083043575287, -0.020101625472307205], [0.0047186254523694515, -0.006331917829811573, -0.0062931799329817295], [0.013718820177018642, -0.0013133235042914748, 0.0028567202389240265], [0.26537463068962097, -0.012816640548408031, -0.018668202683329582], [0.07467548549175262, -0.1980937272310257, -0.007334925699979067], [-0.04344132915139198, 0.33799153566360474, -0.021509185433387756], [-0.30219486355781555, 0.054722946137189865, -0.07070270925760269], [0.27359941601753235, -0.18014279007911682, -1.107253074645996], [0.059583552181720734, 0.45626145601272583, 1.0083107948303223], [-0.36087945103645325, 4.600297451019287, -0.84722900390625], [0.10520019382238388, 1.5813968181610107, -0.27634814381599426], [-0.7956525683403015, -0.09482068568468094, 0.2297593355178833], [-0.7229531407356262, 0.18114133179187775, -0.47559085488319397]], "jaw_pose": [0.046997785568237305, 0.008670245297253132, -0.12649910151958466], "leye_pose": [0.0, 0.0, 0.0], "reye_pose": [0.0, 0.0, 0.0], "lhand_pose": [[0.03039528615772724, 0.4554968476295471, -0.7650722861289978], [0.17935596406459808, -0.09208066016435623, -1.0470272302627563], [-0.09112313389778137, -0.137043759226799, -0.2728678286075592], [-0.2946844696998596, 0.24274885654449463, -1.2388463020324707], [-0.12328370660543442, 0.020535489544272423, -0.8623230457305908], [-0.03954831510782242, -0.1501067727804184, -0.5379998683929443], [-0.8443525433540344, -0.5471242666244507, -1.0419880151748657], [-0.24404701590538025, -0.0636870488524437, -0.6803786158561707], [-0.5122389793395996, -0.027630072087049484, -0.317308247089386], [-0.28094640374183655, -0.173650860786438, -1.29633629322052], [-0.410576194524765, -0.10411342233419418, -0.7719786167144775], [-0.26319652795791626, -0.09135904163122177, -0.550990641117096], [0.9346431493759155, 0.5197315216064453, 0.04947497323155403], [-0.5546882748603821, 0.06054717302322388, -0.16464313864707947], [0.6558049321174622, 0.23715780675411224, -0.1882098913192749]], "rhand_pose": [[0.018258757889270782, -0.32972589135169983, 0.6901938319206238], [0.1686207801103592, 0.07359500229358673, 1.0733428001403809], [-0.09115791320800781, 0.13478268682956696, 0.3231208026409149], [-0.3260653018951416, -0.18994826078414917, 1.1772223711013794], [-0.1288735717535019, -0.029636481776833534, 0.9675685167312622], [-0.0361153744161129, 0.1204296201467514, 0.5847497582435608], [-0.8507104516029358, 0.5233937501907349, 1.1166493892669678], [-0.28022706508636475, 0.09405829012393951, 0.6900746822357178], [-0.5010564923286438, 0.029655488207936287, 0.3593376576900482], [-0.3211897015571594, 0.21252448856830597, 1.2633737325668335], [-0.43068963289260864, 0.12445102632045746, 0.8897351026535034], [-0.2579739987850189, 0.08775927871465683, 0.5929584503173828], [0.9043350219726562, -0.4767555594444275, -0.025512371212244034], [-0.5093310475349426, -0.045119062066078186, 0.16798743605613708], [0.679976761341095, -0.2467437982559204, 0.16531354188919067]], "trans": [-0.2740653157234192, 0.7666258215904236, 1.6247655153274536], "focal": [1177.7945556640625, 1177.7945556640625], "princpt": [680.0, 384.0], "img_size_wh": [1360, 768], "pad_ratio": 0.0}