{"betas": [-0.33484283089637756, 0.09368089586496353, 0.16659466922283173, 0.11511563509702682, -0.1684534251689911, -0.28849396109580994, -0.0711887776851654, 0.08868663758039474, -0.25722581148147583, 0.04250340908765793], "root_pose": [3.045696258544922, -0.008324955590069294, 0.18836937844753265], "body_pose": [[-0.18697643280029297, 0.005644563119858503, 0.09253847599029541], [-0.17213468253612518, -0.02203974314033985, -0.09332678467035294], [0.2892073094844818, -0.015481959097087383, 0.021509403362870216], [0.521467924118042, 0.02775263413786888, -0.058023009449243546], [0.505837082862854, -0.030873091891407967, 0.054752688854932785], [0.0632714107632637, -0.003490281058475375, 0.0211497712880373], [-0.1540897786617279, 0.1034029871225357, -0.04162604361772537], [-0.09148924797773361, -0.10743287950754166, 0.03723560646176338], [-0.080778107047081, -0.013181494548916817, 0.02422628551721573], [0.0026953695341944695, -0.004375027026981115, -0.00596668990328908], [0.010561681352555752, -0.0045189387165009975, 0.009317825548350811], [0.30640989542007446, 0.004548125434666872, 0.0019306883914396167], [-0.04169951379299164, -0.36244967579841614, -0.015799231827259064], [0.03773423284292221, 0.1403227299451828, -0.04324527457356453], [-0.2778509855270386, 0.09233284741640091, -0.16433243453502655], [0.11726205796003342, -0.4335237741470337, -0.9896363615989685], [0.13573801517486572, 0.18306539952754974, 1.1162588596343994], [-0.22543640434741974, 4.583983421325684, -0.7514552474021912], [0.020703451707959175, 1.4094221591949463, -0.3259236514568329], [-0.8196141719818115, -0.2701922059059143, 0.34692442417144775], [-0.5915834903717041, 0.06765148043632507, -0.3816949427127838]], "jaw_pose": [0.05332411453127861, -0.02736671455204487, 0.006366250105202198], "leye_pose": [0.0, 0.0, 0.0], "reye_pose": [0.0, 0.0, 0.0], "lhand_pose": [[0.03585992380976677, 0.3983131945133209, -0.6190648078918457], [0.17717573046684265, -0.10253399610519409, -0.958712100982666], [-0.09041609615087509, -0.1377641260623932, -0.28359735012054443], [-0.30974116921424866, 0.21901941299438477, -1.2285830974578857], [-0.12596110999584198, 0.02278731018304825, -0.8544284701347351], [-0.04034518823027611, -0.14196062088012695, -0.5171085000038147], [-0.7276873588562012, -0.561162531375885, -0.9347184300422668], [-0.25000277161598206, -0.0663977637887001, -0.6429153084754944], [-0.5156830549240112, -0.04582688957452774, -0.2945517897605896], [-0.27690044045448303, -0.1701817661523819, -1.271276831626892], [-0.41090643405914307, -0.11971941590309143, -0.7475533485412598], [-0.26285186409950256, -0.08924645185470581, -0.5343983173370361], [0.8921994566917419, 0.4010136127471924, 0.06630214303731918], [-0.5524483323097229, 0.05006934702396393, -0.16365361213684082], [0.6613206267356873, 0.22593048214912415, -0.18769562244415283]], "rhand_pose": [[0.02994312159717083, -0.47595277428627014, 0.7559265494346619], [0.19584865868091583, 0.0639999508857727, 0.8167693614959717], [-0.11107714474201202, 0.12687371671199799, 0.19344943761825562], [-0.3182463049888611, -0.1950722634792328, 1.0755287408828735], [-0.12105808407068253, -0.04894966259598732, 0.6933091878890991], [-0.03042614459991455, 0.11810462176799774, 0.41392818093299866], [-0.8644104599952698, 0.6925990581512451, 0.9411405324935913], [-0.18432220816612244, 0.05942023545503616, 0.5225555896759033], [-0.4753566384315491, 0.015387860126793385, 0.20150259137153625], [-0.2915632724761963, 0.25792011618614197, 1.1358442306518555], [-0.41506218910217285, 0.13909877836704254, 0.591958224773407], [-0.2324250191450119, 0.07233209162950516, 0.4663054943084717], [0.8837809562683105, -0.6730613708496094, -0.011637791059911251], [-0.52810138463974, -0.035411011427640915, 0.13945616781711578], [0.670272707939148, -0.20305216312408447, 0.1603308469057083]], "trans": [-0.2681266665458679, 0.7809327840805054, 1.6727889776229858], "focal": [1177.7945556640625, 1177.7945556640625], "princpt": [680.0, 384.0], "img_size_wh": [1360, 768], "pad_ratio": 0.0}