{"betas": [-0.334999144077301, 0.09313890337944031, 0.16676484048366547, 0.11501725018024445, -0.16835087537765503, -0.28869855403900146, -0.07126893848180771, 0.0886191725730896, -0.25727230310440063, 0.04246047884225845], "root_pose": [2.9419186115264893, -0.005445216316729784, 0.15086804330348969], "body_pose": [[-0.17392590641975403, 0.01264447346329689, 0.07746683806180954], [-0.18207626044750214, -0.004420971032232046, -0.09876201301813126], [0.2904900312423706, -0.03020433709025383, 0.021790718659758568], [0.5134376883506775, 0.025940684601664543, -0.048285312950611115], [0.5236996412277222, -0.006222868338227272, 0.043052610009908676], [0.10486641526222229, -0.0025033021811395884, 0.01656268909573555], [-0.16031545400619507, 0.10086498409509659, -0.03754298388957977], [-0.11323104798793793, -0.09725723415613174, 0.04431508108973503], [-0.06222458928823471, -0.028956610709428787, 0.0219996627420187], [0.004145969171077013, -0.0026132662314921618, -0.012336666695773602], [0.01062529906630516, -0.00988905318081379, 0.003159912768751383], [0.30914658308029175, 0.014823203906416893, -0.0027697912883013487], [-0.054914820939302444, -0.3285292983055115, -0.004581004846841097], [0.0598624162375927, 0.06912840902805328, -0.0011192308738827705], [-0.3081744909286499, 0.1102084219455719, -0.16006255149841309], [0.06706684082746506, -0.4231424629688263, -0.9237308502197266], [0.15998126566410065, 0.11418591439723969, 1.0909572839736938], [-0.023626605048775673, 4.302221775054932, -0.8544904589653015], [0.034040968865156174, 1.4945591688156128, -0.3425351083278656], [-0.8808712363243103, -0.05270257592201233, 0.06613513082265854], [-0.5934560894966125, 0.15645505487918854, -0.25694823265075684]], "jaw_pose": [0.045287225395441055, -0.02786778099834919, -0.007269871886819601], "leye_pose": [0.0, 0.0, 0.0], "reye_pose": [0.0, 0.0, 0.0], "lhand_pose": [[0.03746097907423973, 0.3467235267162323, -0.7074718475341797], [0.17496290802955627, -0.10740725696086884, -1.0653104782104492], [-0.07834183424711227, -0.1300484538078308, -0.32261931896209717], [-0.29633721709251404, 0.21530157327651978, -1.2248660326004028], [-0.1255483627319336, 0.02472524717450142, -0.9171030521392822], [-0.04444298520684242, -0.14075425267219543, -0.5429534316062927], [-0.7681871652603149, -0.41416436433792114, -1.0504094362258911], [-0.2523135244846344, -0.06964103132486343, -0.7097312211990356], [-0.5458444952964783, -0.03258402273058891, -0.3404020369052887], [-0.2663036286830902, -0.09204365313053131, -1.2908486127853394], [-0.408702552318573, -0.09260597825050354, -0.8413241505622864], [-0.28139621019363403, -0.09728438407182693, -0.563581109046936], [0.9287489056587219, 0.3355661630630493, 0.041994042694568634], [-0.561833381652832, 0.04964948073029518, -0.1793559342622757], [0.6823228597640991, 0.23170287907123566, -0.18661576509475708]], "rhand_pose": [[0.011456637643277645, -0.39128318428993225, 0.7593270540237427], [0.1803448349237442, 0.059540215879678726, 0.8963161706924438], [-0.08964552730321884, 0.12023579329252243, 0.24728156626224518], [-0.3147607445716858, -0.15237213671207428, 1.0498123168945312], [-0.11785905063152313, -0.03643518313765526, 0.7710055708885193], [-0.034752052277326584, 0.1026092916727066, 0.43875032663345337], [-0.7915418744087219, 0.6325305104255676, 0.8784397840499878], [-0.22001899778842926, 0.05148519203066826, 0.5578737258911133], [-0.4762473702430725, 0.01908707804977894, 0.245827317237854], [-0.2582288086414337, 0.24255576729774475, 1.0827484130859375], [-0.41094082593917847, 0.1224757581949234, 0.6825933456420898], [-0.24124687910079956, 0.06968443840742111, 0.4968479573726654], [0.8888903260231018, -0.5611288547515869, -0.05608715862035751], [-0.5419350266456604, -0.042336635291576385, 0.16613011062145233], [0.6771012544631958, -0.20746569335460663, 0.1279705911874771]], "trans": [-0.24989119172096252, 0.7345547676086426, 1.6485638618469238], "focal": [1177.7945556640625, 1177.7945556640625], "princpt": [680.0, 384.0], "img_size_wh": [1360, 768], "pad_ratio": 0.0}