{"betas": [-0.3351641297340393, 0.09265276789665222, 0.16661271452903748, 0.11504470556974411, -0.16837911307811737, -0.2891218662261963, -0.07107437402009964, 0.08869469910860062, -0.2576865255832672, 0.042610134929418564], "root_pose": [3.094106435775757, -0.0335533581674099, 0.18215443193912506], "body_pose": [[-0.16282251477241516, 0.0073899463750422, 0.08753056824207306], [-0.14972089231014252, -0.010978695005178452, -0.09056677669286728], [0.2927527129650116, 0.0047528864815831184, 0.01864578202366829], [0.4869190454483032, 0.03858567774295807, -0.056403473019599915], [0.47402477264404297, -0.023299889639019966, 0.05318140611052513], [0.024268096312880516, 0.017481159418821335, -0.004040977451950312], [-0.1186145693063736, 0.09952040016651154, -0.04731421545147896], [-0.08116178959608078, -0.12758959829807281, 0.0318462960422039], [-0.09514398127794266, 0.007576212286949158, 0.0019316208781674504], [0.002609201706945896, -0.007339572999626398, -0.004595662001520395], [0.012890789657831192, -0.0028370770160108805, 0.007946698926389217], [0.28227612376213074, -0.002883512293919921, -0.001466419780626893], [0.03454713150858879, -0.2927202582359314, -0.001472144271247089], [-0.019248049706220627, 0.26756712794303894, -0.059277527034282684], [-0.27254918217658997, 0.06718595325946808, -0.13860860466957092], [0.2087772935628891, -0.3078799247741699, -1.1206587553024292], [0.08684778213500977, 0.37222301959991455, 1.1054449081420898], [0.1239231526851654, -1.4448552131652832, 0.2697716951370239], [0.0816212147474289, 1.4343687295913696, -0.30144089460372925], [-0.748599648475647, -0.15117494761943817, 0.3329947292804718], [-0.6769447326660156, 0.20124678313732147, -0.46700814366340637]], "jaw_pose": [0.049949124455451965, -0.0018602634081616998, -0.06570480018854141], "leye_pose": [0.0, 0.0, 0.0], "reye_pose": [0.0, 0.0, 0.0], "lhand_pose": [[0.026327326893806458, 0.4929582476615906, -0.7921854257583618], [0.19479280710220337, -0.09077237546443939, -1.001405954360962], [-0.09568172693252563, -0.15226900577545166, -0.25492432713508606], [-0.31618210673332214, 0.2527181804180145, -1.2964119911193848], [-0.12157230824232101, 0.022502537816762924, -0.8108809590339661], [-0.033696141093969345, -0.1464771032333374, -0.5363752841949463], [-0.8525537252426147, -0.6025567054748535, -1.0762356519699097], [-0.2557705044746399, -0.08014527708292007, -0.6612036228179932], [-0.5012087225914001, -0.043049655854701996, -0.3135532736778259], [-0.29090023040771484, -0.2184848040342331, -1.3568296432495117], [-0.4155482053756714, -0.13306325674057007, -0.7242888808250427], [-0.2526017725467682, -0.07975421100854874, -0.555953323841095], [0.9120374321937561, 0.5180153250694275, 0.04830173775553703], [-0.5199292302131653, 0.0505530945956707, -0.16705533862113953], [0.6423777937889099, 0.244737908244133, -0.1856687366962433]], "rhand_pose": [[0.025977429002523422, -0.3794444501399994, 0.6478089094161987], [0.17507027089595795, 0.07386643439531326, 0.92361980676651], [-0.1057734414935112, 0.12990190088748932, 0.24449454247951508], [-0.3241918385028839, -0.1947082281112671, 1.0922019481658936], [-0.12396042793989182, -0.036617547273635864, 0.8102769255638123], [-0.03209894150495529, 0.11697668582201004, 0.5003349781036377], [-0.8450901508331299, 0.6070539951324463, 1.0378326177597046], [-0.2190113067626953, 0.07729126513004303, 0.5829192399978638], [-0.48030829429626465, 0.026156429201364517, 0.26508980989456177], [-0.30254408717155457, 0.22994613647460938, 1.204310417175293], [-0.42168989777565, 0.14756785333156586, 0.7045382857322693], [-0.23858968913555145, 0.07825686782598495, 0.5251027345657349], [0.8743409514427185, -0.5161401629447937, -0.038504134863615036], [-0.5045979619026184, -0.03467286378145218, 0.15750794112682343], [0.6565250754356384, -0.22141699492931366, 0.16061438620090485]], "trans": [-0.2842855751514435, 0.812175452709198, 1.6522111892700195], "focal": [1177.7945556640625, 1177.7945556640625], "princpt": [680.0, 384.0], "img_size_wh": [1360, 768], "pad_ratio": 0.0}