{"betas": [-0.3352622985839844, 0.09252597391605377, 0.16646666824817657, 0.1151648610830307, -0.16827331483364105, -0.2891792953014374, -0.07093790173530579, 0.08873888850212097, -0.2579595148563385, 0.042620349675416946], "root_pose": [3.0743062496185303, -0.0429183654487133, 0.16397804021835327], "body_pose": [[-0.17531634867191315, 0.006085083819925785, 0.08212532848119736], [-0.15388557314872742, -0.0032883272506296635, -0.0870593711733818], [0.29718220233917236, 0.010974504984915257, 0.01794886775314808], [0.5087558627128601, 0.03620398789644241, -0.0577341690659523], [0.5011886358261108, -0.01666913740336895, 0.05236773192882538], [0.03304913640022278, 0.024492090567946434, -0.014334435574710369], [-0.12895070016384125, 0.10139333456754684, -0.047723036259412766], [-0.10042663663625717, -0.13042683899402618, 0.030090441927313805], [-0.08679689466953278, 0.015862517058849335, -0.009043126367032528], [0.0035161322448402643, -0.0074154045432806015, -0.005877172574400902], [0.013954516500234604, -0.002128143794834614, 0.004978980869054794], [0.2708683907985687, -0.0098878787830472, -0.011248566210269928], [0.0522645078599453, -0.245246022939682, -0.0006974037387408316], [-0.034715890884399414, 0.3094439208507538, -0.039370641112327576], [-0.2857063114643097, 0.05931118130683899, -0.10553073137998581], [0.24068769812583923, -0.2450382113456726, -1.1258666515350342], [0.07178604602813721, 0.4203736484050751, 1.0494353771209717], [0.12469907850027084, -1.5010913610458374, 0.2846239507198334], [0.09889965504407883, 1.4988583326339722, -0.28904449939727783], [-0.7749211192131042, -0.09996600449085236, 0.2657543420791626], [-0.7147970199584961, 0.2195015847682953, -0.4720483422279358]], "jaw_pose": [0.050556112080812454, 0.006536230444908142, -0.10418231785297394], "leye_pose": [0.0, 0.0, 0.0], "reye_pose": [0.0, 0.0, 0.0], "lhand_pose": [[0.02653121016919613, 0.47991451621055603, -0.8120484352111816], [0.1901969313621521, -0.09111286699771881, -1.0400704145431519], [-0.09320027381181717, -0.14676982164382935, -0.2658296525478363], [-0.30674561858177185, 0.2537427544593811, -1.2907801866531372], [-0.12355762720108032, 0.021487746387720108, -0.8439841866493225], [-0.03682219982147217, -0.14814282953739166, -0.5461714267730713], [-0.855849027633667, -0.5692592859268188, -1.0874637365341187], [-0.25616613030433655, -0.0765586644411087, -0.6832350492477417], [-0.5096780061721802, -0.036946915090084076, -0.3248046636581421], [-0.28779348731040955, -0.1973864734172821, -1.3577616214752197], [-0.4163037836551666, -0.12162787467241287, -0.7596690058708191], [-0.2585422396659851, -0.08369970321655273, -0.5619762539863586], [0.9251733422279358, 0.527267575263977, 0.04417075216770172], [-0.5309243202209473, 0.054960574954748154, -0.1680261641740799], [0.646461546421051, 0.244451105594635, -0.18725083768367767]], "rhand_pose": [[0.02314034104347229, -0.34899958968162537, 0.6355112791061401], [0.16992655396461487, 0.07154529541730881, 0.9939283728599548], [-0.0978815108537674, 0.12871655821800232, 0.28148162364959717], [-0.32290953397750854, -0.18978148698806763, 1.1255837678909302], [-0.12646615505218506, -0.031770143657922745, 0.8911454081535339], [-0.03471389040350914, 0.11745548248291016, 0.5374932885169983], [-0.8371869921684265, 0.5661232471466064, 1.0595905780792236], [-0.2476043999195099, 0.08489346504211426, 0.6308457255363464], [-0.4897686839103699, 0.027866370975971222, 0.3051491975784302], [-0.31011223793029785, 0.2202705442905426, 1.2235710620880127], [-0.42686957120895386, 0.1384500414133072, 0.7951396703720093], [-0.2475682646036148, 0.0824718251824379, 0.5530561804771423], [0.8860512375831604, -0.48851409554481506, -0.038008496165275574], [-0.5049760341644287, -0.04186077043414116, 0.16589891910552979], [0.6659814715385437, -0.23290899395942688, 0.15765228867530823]], "trans": [-0.2799224555492401, 0.7922618389129639, 1.6389497518539429], "focal": [1177.7945556640625, 1177.7945556640625], "princpt": [680.0, 384.0], "img_size_wh": [1360, 768], "pad_ratio": 0.0}