{"betas": [-0.33514225482940674, 0.09203995019197464, 0.16618631780147552, 0.11527469009160995, -0.1681215912103653, -0.2893589437007904, -0.0706048235297203, 0.08874080330133438, -0.25789397954940796, 0.042608827352523804], "root_pose": [3.0305066108703613, -0.06123151257634163, 0.13384607434272766], "body_pose": [[-0.20850853621959686, -0.004177652765065432, 0.053470514714717865], [-0.11537840962409973, 0.010417196899652481, -0.0831773653626442], [0.30181750655174255, 0.02540729008615017, 0.01335202157497406], [0.5458971261978149, 0.03361383453011513, -0.055094316601753235], [0.5538886785507202, 0.004276907537132502, 0.04189864918589592], [0.0530846007168293, 0.03337815776467323, -0.02874874137341976], [-0.14032140374183655, 0.11590585857629776, -0.0482930913567543], [-0.12820495665073395, -0.1264193207025528, 0.03320816531777382], [-0.07084733247756958, 0.033245038241147995, -0.029483510181307793], [0.005443722475320101, -0.004516256973147392, -0.0060649896040558815], [0.012921829707920551, -0.0015181105118244886, 0.001806613989174366], [0.26541340351104736, -0.012705281376838684, -0.023553859442472458], [0.09596959501504898, -0.1567227989435196, -0.014873258769512177], [-0.04617702588438988, 0.35155218839645386, -0.010953149758279324], [-0.3109654188156128, 0.04966049641370773, -0.035694923251867294], [0.30151212215423584, -0.1222151666879654, -1.0837818384170532], [0.05544190853834152, 0.47969505190849304, 0.9894629120826721], [-0.3262947201728821, 4.576339244842529, -0.8093168139457703], [0.1066204234957695, 1.6619118452072144, -0.2647842466831207], [-0.8339184522628784, -0.128292977809906, 0.21935948729515076], [-0.7290065288543701, 0.13120344281196594, -0.4650208353996277]], "jaw_pose": [0.044335659593343735, 0.0078039770014584064, -0.13900306820869446], "leye_pose": [0.0, 0.0, 0.0], "reye_pose": [0.0, 0.0, 0.0], "lhand_pose": [[0.033334486186504364, 0.4438387155532837, -0.7162700295448303], [0.1735285222530365, -0.09405793249607086, -1.0570173263549805], [-0.09093166142702103, -0.13068613409996033, -0.27471110224723816], [-0.29155975580215454, 0.22956444323062897, -1.191718578338623], [-0.121412493288517, 0.020449671894311905, -0.8662115335464478], [-0.041043125092983246, -0.15132278203964233, -0.528046190738678], [-0.8322769999504089, -0.5467507839202881, -0.9918007850646973], [-0.23450550436973572, -0.05124738812446594, -0.6699703931808472], [-0.5141435861587524, -0.02077770233154297, -0.3075481653213501], [-0.27724823355674744, -0.16393843293190002, -1.233176350593567], [-0.4061153829097748, -0.0940532460808754, -0.7677744030952454], [-0.2669065296649933, -0.09657318145036697, -0.538174033164978], [0.938417911529541, 0.5164859890937805, 0.06844552606344223], [-0.5825691819190979, 0.0639728531241417, -0.16355308890342712], [0.6626721024513245, 0.23104794323444366, -0.18388158082962036]], "rhand_pose": [[0.011947574093937874, -0.31488385796546936, 0.7859335541725159], [0.16941030323505402, 0.07875050604343414, 1.1538838148117065], [-0.08622746169567108, 0.14413517713546753, 0.36063843965530396], [-0.33246392011642456, -0.19000057876110077, 1.233316421508789], [-0.13071317970752716, -0.027498280629515648, 1.0313761234283447], [-0.0372612290084362, 0.1244598925113678, 0.6362528800964355], [-0.8717246055603027, 0.4789191484451294, 1.1917654275894165], [-0.3122496008872986, 0.10383579879999161, 0.7520983815193176], [-0.5150171518325806, 0.033360060304403305, 0.4186355173587799], [-0.3296828866004944, 0.2038828283548355, 1.3189600706100464], [-0.43543681502342224, 0.11391133815050125, 0.9687989354133606], [-0.2680116295814514, 0.09024599194526672, 0.6401389241218567], [0.9225503206253052, -0.4732564687728882, -0.016268670558929443], [-0.5159241557121277, -0.045349594205617905, 0.16917966306209564], [0.6907529830932617, -0.26250913739204407, 0.17785891890525818]], "trans": [-0.26604631543159485, 0.7430853247642517, 1.6135026216506958], "focal": [1177.7945556640625, 1177.7945556640625], "princpt": [680.0, 384.0], "img_size_wh": [1360, 768], "pad_ratio": 0.0}