{"betas": [-0.3350392282009125, 0.09310438483953476, 0.166731595993042, 0.11513619869947433, -0.16839826107025146, -0.2889343798160553, -0.07103805989027023, 0.08868522942066193, -0.25741586089134216, 0.04266609624028206], "root_pose": [3.1007392406463623, -0.024537747725844383, 0.1961536556482315], "body_pose": [[-0.1619296669960022, 0.007421327289193869, 0.09121018648147583], [-0.15155337750911713, -0.018026556819677353, -0.09197361022233963], [0.2884267568588257, -0.0009815243538469076, 0.018688350915908813], [0.4819468855857849, 0.03687364235520363, -0.05572754889726639], [0.4652346670627594, -0.029239151626825333, 0.053576432168483734], [0.023536836728453636, 0.008778453804552555, 0.006880336906760931], [-0.11668406426906586, 0.1012285128235817, -0.04676103964447975], [-0.06974098831415176, -0.12101884186267853, 0.033566106110811234], [-0.09814418852329254, 0.000841816421598196, 0.011081946082413197], [0.0021048204507678747, -0.00670276116579771, -0.0033826674334704876], [0.011256790719926357, -0.002895789220929146, 0.010348099283874035], [0.29487144947052, 0.003944943193346262, 0.0056208595633506775], [0.013566049747169018, -0.33508598804473877, -0.008519302122294903], [-0.00017558402032591403, 0.22532229125499725, -0.06826268136501312], [-0.2684652507305145, 0.07755079120397568, -0.16082027554512024], [0.17934732139110565, -0.3663622736930847, -1.0906453132629395], [0.10064485669136047, 0.3161937892436981, 1.1428539752960205], [0.11805520206689835, -1.4400912523269653, 0.24851402640342712], [0.05998968333005905, 1.3929444551467896, -0.3139716386795044], [-0.7467567324638367, -0.2030656933784485, 0.426486074924469], [-0.6088393330574036, 0.12775085866451263, -0.4907478094100952]], "jaw_pose": [0.049103278666734695, -0.013259867206215858, -0.026190899312496185], "leye_pose": [0.0, 0.0, 0.0], "reye_pose": [0.0, 0.0, 0.0], "lhand_pose": [[0.030548900365829468, 0.47922319173812866, -0.697784423828125], [0.18906140327453613, -0.09181525558233261, -0.9429337978363037], [-0.09642885625362396, -0.14877568185329437, -0.2518438994884491], [-0.31865939497947693, 0.24240097403526306, -1.269245982170105], [-0.12132958322763443, 0.022830672562122345, -0.7960788607597351], [-0.03292015194892883, -0.14461705088615417, -0.5179532766342163], [-0.8158459663391113, -0.6193285584449768, -1.0124000310897827], [-0.24580685794353485, -0.07612792402505875, -0.6321607828140259], [-0.49530911445617676, -0.04473421350121498, -0.29371604323387146], [-0.2890571653842926, -0.21825434267520905, -1.3128148317337036], [-0.4123977720737457, -0.13628840446472168, -0.6977536082267761], [-0.24871419370174408, -0.07993915677070618, -0.5397506356239319], [0.8983813524246216, 0.4821959435939789, 0.055312611162662506], [-0.5239761471748352, 0.04871304705739021, -0.1605331152677536], [0.6437703967094421, 0.23685631155967712, -0.18490825593471527]], "rhand_pose": [[0.030255306512117386, -0.42780786752700806, 0.6973608732223511], [0.18282924592494965, 0.07629754394292831, 0.8715898990631104], [-0.1122802197933197, 0.13340644538402557, 0.21452243626117706], [-0.32773369550704956, -0.20665432512760162, 1.091792345046997], [-0.12209942191839218, -0.044119708240032196, 0.7484483122825623], [-0.029452133923768997, 0.11920242756605148, 0.4696060121059418], [-0.8726842999458313, 0.6524025201797485, 1.0393524169921875], [-0.19844567775726318, 0.07334737479686737, 0.555438220500946], [-0.4767468273639679, 0.022012727335095406, 0.23682329058647156], [-0.303899347782135, 0.24214647710323334, 1.2050411701202393], [-0.418716162443161, 0.1504557728767395, 0.642808735370636], [-0.23264801502227783, 0.07508476078510284, 0.5064076781272888], [0.8729374408721924, -0.5725699067115784, -0.022057367488741875], [-0.5064936876296997, -0.030675427988171577, 0.14210470020771027], [0.6559893488883972, -0.2137492150068283, 0.1686999499797821]], "trans": [-0.28618723154067993, 0.8187040090560913, 1.6635181903839111], "focal": [1177.7945556640625, 1177.7945556640625], "princpt": [680.0, 384.0], "img_size_wh": [1360, 768], "pad_ratio": 0.0}