{"betas": [-0.33494651317596436, 0.09335024654865265, 0.16670507192611694, 0.11504466086626053, -0.1683933585882187, -0.28857237100601196, -0.07123856991529465, 0.08865797519683838, -0.2570919990539551, 0.042455535382032394], "root_pose": [2.990441083908081, -0.005014750175178051, 0.16728314757347107], "body_pose": [[-0.18545842170715332, 0.00843861699104309, 0.08370141685009003], [-0.17612996697425842, -0.014711598865687847, -0.09767204523086548], [0.28937435150146484, -0.025076530873775482, 0.023109834641218185], [0.5245451331138611, 0.02662580832839012, -0.05404471978545189], [0.5167701840400696, -0.019034206867218018, 0.04916268587112427], [0.08854836225509644, -0.0033425965812057257, 0.020426049828529358], [-0.16306741535663605, 0.10000703483819962, -0.03816203027963638], [-0.10728506743907928, -0.10458942502737045, 0.03995688259601593], [-0.06963678449392319, -0.023010047152638435, 0.025620590895414352], [0.0038497394416481256, -0.0034042769111692905, -0.009691749699413776], [0.011243588291108608, -0.007392751518636942, 0.005840200465172529], [0.30805307626724243, 0.008702058345079422, -0.0017494065687060356], [-0.05088832601904869, -0.3461225926876068, -0.007913053967058659], [0.04879768565297127, 0.09678450226783752, -0.0225372351706028], [-0.29062217473983765, 0.10124827176332474, -0.16443440318107605], [0.08987992256879807, -0.4303428828716278, -0.9500059485435486], [0.14645057916641235, 0.13961611688137054, 1.098655343055725], [-0.10860936343669891, 4.431332588195801, -0.8113539218902588], [0.015254965052008629, 1.4527227878570557, -0.32959842681884766], [-0.8452351093292236, -0.19560016691684723, 0.18422159552574158], [-0.6133371591567993, 0.11348409950733185, -0.2828533947467804]], "jaw_pose": [0.049334023147821426, -0.028182189911603928, 0.0006819767877459526], "leye_pose": [0.0, 0.0, 0.0], "reye_pose": [0.0, 0.0, 0.0], "lhand_pose": [[0.036205463111400604, 0.377873033285141, -0.6740002632141113], [0.17720451951026917, -0.10741827636957169, -1.0213717222213745], [-0.08625948429107666, -0.13481688499450684, -0.30351439118385315], [-0.3030845522880554, 0.21384482085704803, -1.22420072555542], [-0.12619172036647797, 0.02304607816040516, -0.8963715434074402], [-0.04278912395238876, -0.14195095002651215, -0.529477596282959], [-0.748424232006073, -0.5012503862380981, -0.9888922572135925], [-0.2544777989387512, -0.0656566172838211, -0.6769183874130249], [-0.5316137075424194, -0.040649477392435074, -0.3167908489704132], [-0.2712063193321228, -0.1329280585050583, -1.2835850715637207], [-0.4100720286369324, -0.10285565257072449, -0.804521381855011], [-0.27399739623069763, -0.09421689808368683, -0.5473166108131409], [0.9055687785148621, 0.37340685725212097, 0.05862800031900406], [-0.5585886240005493, 0.05065418779850006, -0.17235440015792847], [0.6741505861282349, 0.2276131957769394, -0.18912439048290253]], "rhand_pose": [[0.018364502117037773, -0.4411555528640747, 0.7595962882041931], [0.1918359100818634, 0.05997001752257347, 0.8349122405052185], [-0.10323069989681244, 0.12200012803077698, 0.21182681620121002], [-0.31280115246772766, -0.17056876420974731, 1.0506752729415894], [-0.11897207051515579, -0.04468884691596031, 0.7112681269645691], [-0.03238934278488159, 0.11045575141906738, 0.41146349906921387], [-0.8249256610870361, 0.6669419407844543, 0.8824979662895203], [-0.19370856881141663, 0.05023375153541565, 0.5244143009185791], [-0.47350576519966125, 0.0158242154866457, 0.21043241024017334], [-0.27270805835723877, 0.25289735198020935, 1.0870314836502075], [-0.4108295440673828, 0.12863340973854065, 0.6164440512657166], [-0.23583762347698212, 0.07218422740697861, 0.4663892388343811], [0.8860315680503845, -0.6378205418586731, -0.03268612176179886], [-0.5391508936882019, -0.038556285202503204, 0.15357165038585663], [0.6742857098579407, -0.19914832711219788, 0.14231765270233154]], "trans": [-0.25486475229263306, 0.7544293999671936, 1.6619411706924438], "focal": [1177.7945556640625, 1177.7945556640625], "princpt": [680.0, 384.0], "img_size_wh": [1360, 768], "pad_ratio": 0.0}