{"betas": [-0.33501118421554565, 0.09183263778686523, 0.1660734862089157, 0.11532007157802582, -0.16821879148483276, -0.2894268035888672, -0.07064414024353027, 0.08875862509012222, -0.2578849494457245, 0.042631350457668304], "root_pose": [3.015888214111328, -0.0642625167965889, 0.12319713830947876], "body_pose": [[-0.210852712392807, -0.004750358406454325, 0.05019894242286682], [-0.10937240719795227, 0.01246328093111515, -0.08353941142559052], [0.3040214776992798, 0.031087597832083702, 0.009220863692462444], [0.5440242290496826, 0.034102484583854675, -0.05545331910252571], [0.5559377074241638, 0.0054206885397434235, 0.038864895701408386], [0.059246767312288284, 0.035838283598423004, -0.03246248513460159], [-0.13635848462581635, 0.1221761703491211, -0.04916377365589142], [-0.1240912526845932, -0.1260841190814972, 0.035876765847206116], [-0.06596452742815018, 0.039810653775930405, -0.035789426416158676], [0.005617563147097826, -0.0032606094609946012, -0.00592502485960722], [0.012701642699539661, -0.002124888589605689, 0.0017434742767363787], [0.27205413579940796, -0.011885952204465866, -0.02654147706925869], [0.10827625542879105, -0.12939245998859406, -0.013326759450137615], [-0.047787994146347046, 0.3606385588645935, -0.006549810990691185], [-0.3034099340438843, 0.04293380677700043, -0.0040642996318638325], [0.3170577585697174, -0.08570398390293121, -1.0763828754425049], [0.05701613798737526, 0.4957970678806305, 0.9866631031036377], [-0.27994319796562195, 4.565659046173096, -0.7987204194068909], [0.11010473221540451, 1.709917426109314, -0.25536060333251953], [-0.897199809551239, -0.13292860984802246, 0.2458915114402771], [-0.7504522204399109, 0.10911392420530319, -0.4671989679336548]], "jaw_pose": [0.04642714187502861, 0.009285514242947102, -0.1524839550256729], "leye_pose": [0.0, 0.0, 0.0], "reye_pose": [0.0, 0.0, 0.0], "lhand_pose": [[0.03176753968000412, 0.4505329728126526, -0.7081658840179443], [0.17723862826824188, -0.09527194499969482, -1.0731714963912964], [-0.09330572932958603, -0.13068890571594238, -0.2712162435054779], [-0.2957315444946289, 0.22568224370479584, -1.1892189979553223], [-0.12121433764696121, 0.021925650537014008, -0.8659190535545349], [-0.04143035411834717, -0.15238235890865326, -0.5272374153137207], [-0.8228877186775208, -0.5567182898521423, -0.97922682762146], [-0.23419858515262604, -0.0462736152112484, -0.6681047677993774], [-0.5152968764305115, -0.018676718696951866, -0.30817052721977234], [-0.2748797833919525, -0.17012576758861542, -1.221056342124939], [-0.4072824716567993, -0.09720100462436676, -0.7670368552207947], [-0.2678081691265106, -0.09699293971061707, -0.5350707173347473], [0.9368768930435181, 0.5214880108833313, 0.08140837401151657], [-0.5997787117958069, 0.06588194519281387, -0.1654077023267746], [0.6650170683860779, 0.23091566562652588, -0.17995445430278778]], "rhand_pose": [[0.005085994955152273, -0.30562806129455566, 0.878280520439148], [0.17157770693302155, 0.08663858473300934, 1.2227977514266968], [-0.08508442342281342, 0.15219555795192719, 0.3858034908771515], [-0.3409622013568878, -0.18942046165466309, 1.2908072471618652], [-0.13267530500888824, -0.025374330580234528, 1.0823063850402832], [-0.038130924105644226, 0.1288299858570099, 0.6807656288146973], [-0.8920433521270752, 0.45085829496383667, 1.260098934173584], [-0.3395114839076996, 0.11212913691997528, 0.809130847454071], [-0.5286051630973816, 0.038199763745069504, 0.46886372566223145], [-0.3375746011734009, 0.19919434189796448, 1.382874846458435], [-0.44437772035598755, 0.11211108416318893, 1.0258225202560425], [-0.27572375535964966, 0.0882466584444046, 0.6828834414482117], [0.933358371257782, -0.4733567237854004, -0.01385669969022274], [-0.5174176692962646, -0.04597940668463707, 0.17201478779315948], [0.6957855820655823, -0.27527058124542236, 0.1926676481962204]], "trans": [-0.25598496198654175, 0.7295101881027222, 1.60565984249115], "focal": [1177.7945556640625, 1177.7945556640625], "princpt": [680.0, 384.0], "img_size_wh": [1360, 768], "pad_ratio": 0.0}