{"betas": [-0.3350464105606079, 0.09153831005096436, 0.16643792390823364, 0.11544036120176315, -0.16784515976905823, -0.28914979100227356, -0.07132850587368011, 0.0887044221162796, -0.25766420364379883, 0.04238412529230118], "root_pose": [2.9943950176239014, -0.00937330536544323, 0.08881625533103943], "body_pose": [[-0.18440937995910645, 0.007115504704415798, 0.0922917053103447], [-0.17310315370559692, -0.009068727493286133, -0.0871291309595108], [0.31265977025032043, 0.007134799845516682, 0.006150254048407078], [0.506879448890686, 0.023501748219132423, -0.0582205206155777], [0.5144662261009216, -0.021327974274754524, 0.04663708433508873], [0.08144844323396683, 0.013247895054519176, -0.0075142355635762215], [-0.11868969351053238, 0.11028562486171722, -0.05406343564391136], [-0.09611621499061584, -0.10128018260002136, 0.034994013607501984], [-0.06989245861768723, 0.008810486644506454, -0.003924261778593063], [0.00365619664080441, -0.0034530514385551214, -0.002083513652905822], [0.013149106875061989, -0.005276989191770554, 0.00837261788547039], [0.25606173276901245, 0.008257425390183926, 0.004161275923252106], [-0.06864647567272186, -0.311698317527771, -0.008220856077969074], [0.05531240627169609, 0.2139609456062317, 0.009797396138310432], [-0.32055509090423584, 0.08283194899559021, -0.037766698747873306], [0.03596356883645058, -0.37737855315208435, -0.9230359792709351], [0.22075480222702026, 0.25757530331611633, 1.1024649143218994], [0.1515817940235138, 4.469226360321045, -1.0140624046325684], [0.13741515576839447, 1.5824438333511353, -0.24527600407600403], [-0.8352880477905273, -0.06657595932483673, 0.2138795256614685], [-0.741719663143158, 0.1598133146762848, -0.4580276906490326]], "jaw_pose": [0.05547022819519043, -0.016721446067094803, -0.05153457447886467], "leye_pose": [0.0, 0.0, 0.0], "reye_pose": [0.0, 0.0, 0.0], "lhand_pose": [[0.05477088689804077, 0.379496306180954, -0.6237881779670715], [0.17223557829856873, -0.09024427831172943, -0.904114842414856], [-0.08185668289661407, -0.13525311648845673, -0.25446850061416626], [-0.2716115117073059, 0.21849103271961212, -1.1266590356826782], [-0.12552180886268616, 0.03973456099629402, -0.8387215733528137], [-0.03846368566155434, -0.14053966104984283, -0.4773639440536499], [-0.7137563824653625, -0.528671383857727, -0.9194613099098206], [-0.22028514742851257, -0.05945886671543121, -0.6191985011100769], [-0.5069372653961182, -0.031955327838659286, -0.265475332736969], [-0.25926047563552856, -0.1440536081790924, -1.2486709356307983], [-0.41749393939971924, -0.11108656227588654, -0.7694085240364075], [-0.2584773302078247, -0.09477804601192474, -0.4989769756793976], [0.9311813712120056, 0.4713039696216583, 0.04042297974228859], [-0.5549052357673645, 0.05195099860429764, -0.1603115200996399], [0.6649450659751892, 0.22393342852592468, -0.1782345175743103]], "rhand_pose": [[0.02659093216061592, -0.40627434849739075, 0.6761327981948853], [0.17209459841251373, 0.06337081640958786, 0.9318023324012756], [-0.09344442188739777, 0.11958178877830505, 0.25977542996406555], [-0.3066423535346985, -0.19485247135162354, 1.0103654861450195], [-0.12210751324892044, -0.03079560399055481, 0.8418970108032227], [-0.03270990774035454, 0.11399374157190323, 0.48155683279037476], [-0.8374186754226685, 0.6225728988647461, 0.995602011680603], [-0.21013453602790833, 0.07177410274744034, 0.5845531225204468], [-0.488762766122818, 0.01269649900496006, 0.24957695603370667], [-0.2880847752094269, 0.22829751670360565, 1.1440571546554565], [-0.4067256450653076, 0.13050870597362518, 0.7276912331581116], [-0.2433154135942459, 0.0843600481748581, 0.5165897607803345], [0.915481448173523, -0.5309173464775085, -0.03992411494255066], [-0.5300832390785217, -0.047917935997247696, 0.147545725107193], [0.6718187928199768, -0.2111510932445526, 0.15156500041484833]], "trans": [-0.15043950080871582, 0.7322118282318115, 1.5988761186599731], "focal": [1177.7945556640625, 1177.7945556640625], "princpt": [680.0, 384.0], "img_size_wh": [1360, 768], "pad_ratio": 0.0}