{"betas": [-0.3350628912448883, 0.0917004719376564, 0.1662365049123764, 0.11538013815879822, -0.16783294081687927, -0.2890005111694336, -0.07134083658456802, 0.08868362009525299, -0.2576225996017456, 0.042402591556310654], "root_pose": [2.9560887813568115, -0.003373477142304182, 0.08702597767114639], "body_pose": [[-0.19217786192893982, 0.003291614819318056, 0.08530692756175995], [-0.17108213901519775, -0.003631328698247671, -0.08141396194696426], [0.3190746009349823, 0.002310599200427532, 0.012565000914037228], [0.524591326713562, 0.02270684763789177, -0.05475696176290512], [0.5207713842391968, -0.010943256318569183, 0.04220839962363243], [0.10112135857343674, 0.01600663922727108, -0.0012285506818443537], [-0.12779919803142548, 0.10931146889925003, -0.05010838806629181], [-0.1004626527428627, -0.0984383076429367, 0.0416095070540905], [-0.06219436600804329, 0.003076480235904455, 0.003924354910850525], [0.004027130547910929, -0.003336595604196191, -0.003921709954738617], [0.012726478278636932, -0.00722754281014204, 0.0069930655881762505], [0.2562843859195709, 0.005832095630466938, 0.004163460806012154], [-0.08009453862905502, -0.32013458013534546, 0.008316297084093094], [0.058872390538454056, 0.18971586227416992, 0.011644699610769749], [-0.3221421241760254, 0.08905094861984253, -0.06757237762212753], [0.020201820880174637, -0.4002569019794464, -0.9032275080680847], [0.21320722997188568, 0.2214037925004959, 1.047420620918274], [0.13440361618995667, 4.382408142089844, -1.0007685422897339], [0.11381646245718002, 1.576174259185791, -0.24004501104354858], [-0.8096262812614441, -0.0023784039076417685, 0.11318841576576233], [-0.6858544945716858, 0.16815781593322754, -0.4080071747303009]], "jaw_pose": [0.04982574284076691, -0.021874045953154564, -0.05613412708044052], "leye_pose": [0.0, 0.0, 0.0], "reye_pose": [0.0, 0.0, 0.0], "lhand_pose": [[0.05924998223781586, 0.3621539771556854, -0.6666857004165649], [0.16900692880153656, -0.09605502337217331, -0.9653856754302979], [-0.07287558913230896, -0.13574334979057312, -0.2849407494068146], [-0.2756243050098419, 0.2132251113653183, -1.1542247533798218], [-0.12452109158039093, 0.03993717208504677, -0.8622062802314758], [-0.04047084227204323, -0.1397211253643036, -0.5092437863349915], [-0.7484453320503235, -0.4661608338356018, -0.9937238693237305], [-0.2340925633907318, -0.06869474798440933, -0.6693768501281738], [-0.5223623514175415, -0.02330601029098034, -0.30207157135009766], [-0.2649557590484619, -0.11844635009765625, -1.2808319330215454], [-0.4139030873775482, -0.09791392087936401, -0.8023239374160767], [-0.2672053873538971, -0.095395527780056, -0.5316557884216309], [0.9589429497718811, 0.4388923943042755, 0.012213752605021], [-0.5591841340065002, 0.05030645430088043, -0.16237446665763855], [0.6800554990768433, 0.22840246558189392, -0.1853640377521515]], "rhand_pose": [[0.034637074917554855, -0.3544379770755768, 0.6381016373634338], [0.15696418285369873, 0.06374773383140564, 0.9290080666542053], [-0.08282381296157837, 0.11353737115859985, 0.2737027108669281], [-0.303653359413147, -0.1649017184972763, 0.9628861546516418], [-0.12299998849630356, -0.029176732525229454, 0.8558081388473511], [-0.034617915749549866, 0.10654973238706589, 0.4724975824356079], [-0.8033334612846375, 0.6019271612167358, 0.9322966933250427], [-0.2147931605577469, 0.06929582357406616, 0.5904499292373657], [-0.48726847767829895, 0.00804043561220169, 0.25550132989883423], [-0.2730853855609894, 0.2163797914981842, 1.081138014793396], [-0.4030896723270416, 0.12356559932231903, 0.7441997528076172], [-0.24375347793102264, 0.0792100802063942, 0.5210946798324585], [0.9165630340576172, -0.49961355328559875, -0.04764827340841293], [-0.5474289059638977, -0.04975241422653198, 0.1485716998577118], [0.6789200901985168, -0.20237421989440918, 0.139177143573761]], "trans": [-0.13852521777153015, 0.699510931968689, 1.5900202989578247], "focal": [1177.7945556640625, 1177.7945556640625], "princpt": [680.0, 384.0], "img_size_wh": [1360, 768], "pad_ratio": 0.0}