{"betas": [-0.3354136049747467, 0.09172943234443665, 0.16618208587169647, 0.11529027670621872, -0.16779841482639313, -0.28941991925239563, -0.07103550434112549, 0.08878008276224136, -0.25779294967651367, 0.0423528216779232], "root_pose": [3.1025965213775635, -0.03626690432429314, 0.06609133630990982], "body_pose": [[-0.18390947580337524, 0.011694381013512611, 0.09497274458408356], [-0.15721495449543, -0.004664952866733074, -0.08802083879709244], [0.30264899134635925, 0.02089652605354786, 0.006440978962928057], [0.4985387325286865, 0.03567160293459892, -0.06288812309503555], [0.4752013683319092, -0.023151051253080368, 0.05213223770260811], [0.027538888156414032, 0.01981445401906967, -0.021942416206002235], [-0.105088971555233, 0.11090701818466187, -0.05555983632802963], [-0.09881817549467087, -0.10111941397190094, 0.02914496883749962], [-0.10234033316373825, 0.030479997396469116, -0.028257112950086594], [0.0029518455266952515, -0.003853393718600273, -0.002680804580450058], [0.012033778242766857, -0.00338351191021502, 0.008490249514579773], [0.25897595286369324, -0.0006875120452605188, -0.022465156391263008], [0.015263828448951244, -0.19648157060146332, -0.004486594814807177], [0.023833252489566803, 0.32719287276268005, 0.026339998468756676], [-0.29849952459335327, 0.05296960473060608, 0.05094210430979729], [0.17262867093086243, -0.244723379611969, -1.0970463752746582], [0.18391574919223785, 0.4026200771331787, 1.1300455331802368], [-0.0061129238456487656, -1.5268094539642334, 0.3362700045108795], [0.1957458108663559, 1.5511447191238403, -0.26608121395111084], [-0.9422810077667236, -0.0435282438993454, 0.42268073558807373], [-0.8078135848045349, 0.2118203490972519, -0.5506102442741394]], "jaw_pose": [0.06787151098251343, 0.009949950501322746, -0.11825701594352722], "leye_pose": [0.0, 0.0, 0.0], "reye_pose": [0.0, 0.0, 0.0], "lhand_pose": [[0.02123303897678852, 0.43318477272987366, -0.7591038346290588], [0.19395947456359863, -0.09648875892162323, -1.028502345085144], [-0.09934458881616592, -0.15064935386180878, -0.25263333320617676], [-0.30422243475914, 0.23559443652629852, -1.2534257173538208], [-0.1323888748884201, 0.018925664946436882, -0.8113151788711548], [-0.037541575729846954, -0.13975858688354492, -0.5389496684074402], [-0.7251154780387878, -0.5822457075119019, -0.9629421234130859], [-0.2885535955429077, -0.06736282259225845, -0.6717599630355835], [-0.49665459990501404, -0.05508783459663391, -0.32856589555740356], [-0.24939540028572083, -0.2060188204050064, -1.2888617515563965], [-0.4278530478477478, -0.14009742438793182, -0.7320541143417358], [-0.2598300576210022, -0.07708369195461273, -0.5558601021766663], [0.888925313949585, 0.5219895839691162, 0.06730587780475616], [-0.5337063670158386, 0.05088276416063309, -0.17186908423900604], [0.6380727887153625, 0.23563556373119354, -0.17118847370147705]], "rhand_pose": [[-0.03319080173969269, -0.451088547706604, 0.7954472899436951], [0.1907712072134018, 0.07607650011777878, 1.022279977798462], [-0.10815898329019547, 0.12588033080101013, 0.25565358996391296], [-0.33854663372039795, -0.20362523198127747, 1.1471110582351685], [-0.1264086365699768, -0.026171114295721054, 0.8907142281532288], [-0.03627109155058861, 0.1244303360581398, 0.5213031768798828], [-0.8390927314758301, 0.6918488144874573, 1.0230931043624878], [-0.25955837965011597, 0.07856681197881699, 0.617615818977356], [-0.4862242043018341, 0.03666294366121292, 0.3007776439189911], [-0.29547572135925293, 0.26096609234809875, 1.2412116527557373], [-0.42925387620925903, 0.16421674191951752, 0.7794948220252991], [-0.24716094136238098, 0.0857708677649498, 0.5257560014724731], [0.8818938136100769, -0.5324019193649292, -0.058713313192129135], [-0.5087953805923462, -0.05826603248715401, 0.15794925391674042], [0.6563472151756287, -0.22800590097904205, 0.1788751780986786]], "trans": [-0.17824456095695496, 0.7966233491897583, 1.6261909008026123], "focal": [1177.7945556640625, 1177.7945556640625], "princpt": [680.0, 384.0], "img_size_wh": [1360, 768], "pad_ratio": 0.0}