{"betas": [-0.33547598123550415, 0.0914212092757225, 0.1662580668926239, 0.11526276171207428, -0.1677102893590927, -0.2895687222480774, -0.07089071720838547, 0.08876493573188782, -0.2577683925628662, 0.04234496131539345], "root_pose": [3.0899553298950195, -0.039333753287792206, 0.0687200278043747], "body_pose": [[-0.18075250089168549, 0.010942257009446621, 0.0876164361834526], [-0.15717670321464539, 0.0011262872721999884, -0.08764898777008057], [0.30269908905029297, 0.023609772324562073, 0.006242324132472277], [0.508886992931366, 0.035718049854040146, -0.06287271529436111], [0.4925699532032013, -0.01696108654141426, 0.04857851564884186], [0.029698049649596214, 0.02567250095307827, -0.02827981486916542], [-0.11275629699230194, 0.1124999150633812, -0.05353686213493347], [-0.09750215709209442, -0.11273155361413956, 0.030487287789583206], [-0.10096550732851028, 0.03522301837801933, -0.03498980775475502], [0.003761239582672715, -0.00429554982110858, -0.004291235934942961], [0.013489787466824055, -0.0027645297814160585, 0.006877319421619177], [0.26224347949028015, -0.007309532258659601, -0.022362705320119858], [0.05099785327911377, -0.15703146159648895, -0.006660430226475], [-0.005186437163501978, 0.3604631721973419, 0.018683863803744316], [-0.2880556583404541, 0.051043324172496796, 0.045399170368909836], [0.21812903881072998, -0.1783016175031662, -1.122498869895935], [0.14673978090286255, 0.4564637839794159, 1.090166449546814], [0.005913994275033474, -1.5515378713607788, 0.3338131010532379], [0.19876791536808014, 1.575804591178894, -0.25036972761154175], [-0.9756951928138733, 0.013592447154223919, 0.43177738785743713], [-0.7955252528190613, 0.27691155672073364, -0.5219965577125549]], "jaw_pose": [0.06535942852497101, 0.015052998438477516, -0.14854760468006134], "leye_pose": [0.0, 0.0, 0.0], "reye_pose": [0.0, 0.0, 0.0], "lhand_pose": [[0.01947886310517788, 0.4479150176048279, -0.7533184885978699], [0.19261425733566284, -0.09509186446666718, -0.9993614554405212], [-0.10350341349840164, -0.14475344121456146, -0.23820626735687256], [-0.2996983826160431, 0.23583970963954926, -1.226643443107605], [-0.13016895949840546, 0.02268621325492859, -0.7893566489219666], [-0.037295132875442505, -0.14393849670886993, -0.5173274278640747], [-0.7298468947410583, -0.5856282711029053, -0.9341827630996704], [-0.26796260476112366, -0.05737413093447685, -0.6539133787155151], [-0.4940202832221985, -0.04680539295077324, -0.3082377314567566], [-0.2456209361553192, -0.2028661072254181, -1.2475050687789917], [-0.4194689095020294, -0.1291617602109909, -0.7041415572166443], [-0.2576877176761627, -0.07980800420045853, -0.5339581370353699], [0.8899868130683899, 0.5518987774848938, 0.0534060113132], [-0.5445539951324463, 0.05508866161108017, -0.1673119217157364], [0.6454881429672241, 0.22627843916416168, -0.17783446609973907]], "rhand_pose": [[-0.04071798920631409, -0.39614880084991455, 0.8296129703521729], [0.18551839888095856, 0.08621149510145187, 1.113795280456543], [-0.10667181015014648, 0.13037347793579102, 0.2834039032459259], [-0.3438393771648407, -0.19343993067741394, 1.2017847299575806], [-0.12793616950511932, -0.02731459029018879, 0.9674631357192993], [-0.037462327629327774, 0.12427548319101334, 0.5532823801040649], [-0.8368445634841919, 0.6620288491249084, 1.065887212753296], [-0.2955301105976105, 0.08314134925603867, 0.6615005135536194], [-0.48741310834884644, 0.04297076165676117, 0.33933594822883606], [-0.30753037333488464, 0.2549377381801605, 1.2925268411636353], [-0.43757715821266174, 0.15158531069755554, 0.8719890117645264], [-0.25455787777900696, 0.08512426912784576, 0.5512049198150635], [0.8761024475097656, -0.49794504046440125, -0.058241166174411774], [-0.5082650780677795, -0.05712379515171051, 0.1649681180715561], [0.6669081449508667, -0.23316927254199982, 0.18662720918655396]], "trans": [-0.19309034943580627, 0.7876882553100586, 1.6203529834747314], "focal": [1177.7945556640625, 1177.7945556640625], "princpt": [680.0, 384.0], "img_size_wh": [1360, 768], "pad_ratio": 0.0}