{"betas": [-0.33537212014198303, 0.09152495861053467, 0.16630005836486816, 0.11528629809617996, -0.16779464483261108, -0.28959402441978455, -0.07082870602607727, 0.08876900374889374, -0.2579707205295563, 0.04238175228238106], "root_pose": [3.058396816253662, -0.043432287871837616, 0.08064202219247818], "body_pose": [[-0.17800991237163544, 0.009206151589751244, 0.07673138380050659], [-0.1576412320137024, 0.006288321688771248, -0.08865541964769363], [0.3031366765499115, 0.026704296469688416, 0.004046396352350712], [0.5169893503189087, 0.03425505757331848, -0.06190690025687218], [0.5129930973052979, -0.011319002136588097, 0.044115886092185974], [0.04062412306666374, 0.031268008053302765, -0.033962395042181015], [-0.11869700253009796, 0.1151742935180664, -0.051113784313201904], [-0.09661175310611725, -0.124829962849617, 0.03286265581846237], [-0.08936987817287445, 0.0387657955288887, -0.03982244431972504], [0.004607048351317644, -0.004302225541323423, -0.006487715523689985], [0.014853296801447868, -0.002334174932911992, 0.004746625665575266], [0.26941609382629395, -0.012447656132280827, -0.020390762016177177], [0.08105339109897614, -0.13054054975509644, -0.00724535109475255], [-0.03403109684586525, 0.3742944598197937, 0.007875417359173298], [-0.28521665930747986, 0.04889777675271034, 0.033903639763593674], [0.26064106822013855, -0.12259307503700256, -1.1184399127960205], [0.10414720326662064, 0.4931004047393799, 1.0456569194793701], [-0.07299976050853729, 4.566411972045898, -0.9301095604896545], [0.17450366914272308, 1.618323802947998, -0.23646806180477142], [-0.9928372502326965, 0.022224444895982742, 0.4095483124256134], [-0.8048715591430664, 0.2987957298755646, -0.4745776951313019]], "jaw_pose": [0.05811820179224014, 0.015251481905579567, -0.16703978180885315], "leye_pose": [0.0, 0.0, 0.0], "reye_pose": [0.0, 0.0, 0.0], "lhand_pose": [[0.024151545017957687, 0.45662373304367065, -0.739018976688385], [0.18946956098079681, -0.0932731032371521, -0.9909683465957642], [-0.10535123944282532, -0.13705839216709137, -0.23388807475566864], [-0.2951326370239258, 0.23409831523895264, -1.2066117525100708], [-0.1257142573595047, 0.02632920630276203, -0.7939826250076294], [-0.03847910091280937, -0.1493275910615921, -0.5022831559181213], [-0.7535050511360168, -0.5820237398147583, -0.9277588129043579], [-0.2396584153175354, -0.04869303107261658, -0.6419942378997803], [-0.49725714325904846, -0.031628891825675964, -0.2886774241924286], [-0.2499050348997116, -0.19752728939056396, -1.2284815311431885], [-0.4115074872970581, -0.11795811355113983, -0.702424168586731], [-0.2577689588069916, -0.08567290753126144, -0.5150202512741089], [0.9016389846801758, 0.5686987042427063, 0.04859341308474541], [-0.567219078540802, 0.060381073504686356, -0.1630096286535263], [0.6568902730941772, 0.21897535026073456, -0.18063952028751373]], "rhand_pose": [[-0.033986810594797134, -0.35709500312805176, 0.898405134677887], [0.18262237310409546, 0.09535513073205948, 1.2165573835372925], [-0.10383165627717972, 0.14386776089668274, 0.3256814181804657], [-0.3514764606952667, -0.18926547467708588, 1.28031587600708], [-0.13004529476165771, -0.027850069105625153, 1.0538634061813354], [-0.03707948699593544, 0.12710928916931152, 0.6109042167663574], [-0.866309642791748, 0.5950192809104919, 1.1642693281173706], [-0.32907968759536743, 0.09193490445613861, 0.735373854637146], [-0.5042633414268494, 0.043305326253175735, 0.3980132043361664], [-0.3309519290924072, 0.23996274173259735, 1.3714336156845093], [-0.4495878517627716, 0.1348913013935089, 0.9756281971931458], [-0.2654901444911957, 0.08315043896436691, 0.6055047512054443], [0.8881365060806274, -0.4820067286491394, -0.045727185904979706], [-0.5096513628959656, -0.05129394680261612, 0.17401109635829926], [0.6838502883911133, -0.24664819240570068, 0.19467242062091827]], "trans": [-0.21312060952186584, 0.7669216990470886, 1.6105170249938965], "focal": [1177.7945556640625, 1177.7945556640625], "princpt": [680.0, 384.0], "img_size_wh": [1360, 768], "pad_ratio": 0.0}