{"betas": [-0.33509230613708496, 0.09166987240314484, 0.16670480370521545, 0.11543360352516174, -0.1678788959980011, -0.28890013694763184, -0.07132431119680405, 0.08877405524253845, -0.25781261920928955, 0.04250971972942352], "root_pose": [2.932811737060547, 0.0011456507490947843, 0.08081334084272385], "body_pose": [[-0.1993098258972168, 4.939825157634914e-05, 0.08011357486248016], [-0.16254469752311707, -0.000841544009745121, -0.07704894989728928], [0.324442058801651, -0.002205515280365944, 0.017892250791192055], [0.5348470211029053, 0.021991904824972153, -0.051420908421278], [0.5109758973121643, -0.0034388103522360325, 0.04098423942923546], [0.11663981527090073, 0.016623402014374733, 0.00499767204746604], [-0.13096535205841064, 0.10884851962327957, -0.04683787748217583], [-0.09492328017950058, -0.0950927808880806, 0.04898332804441452], [-0.05694693699479103, -0.002670200541615486, 0.011297977529466152], [0.0036567519418895245, -0.003354848362505436, -0.007675986271351576], [0.011939882300794125, -0.008374805562198162, 0.006145196035504341], [0.2700614631175995, 0.004655918106436729, 0.0001703293528407812], [-0.09073162078857422, -0.3274194598197937, 0.029387399554252625], [0.0646912008523941, 0.17142489552497864, 0.0216071754693985], [-0.3193003535270691, 0.0927937775850296, -0.0829140767455101], [0.015175765380263329, -0.4252459406852722, -0.8919857740402222], [0.2048848569393158, 0.18621839582920074, 0.9977737665176392], [0.09786728024482727, 4.334689617156982, -0.9847334623336792], [0.0854424312710762, 1.5559167861938477, -0.2374201864004135], [-0.7810496687889099, 0.05054793134331703, 0.07075389474630356], [-0.6463292837142944, 0.18221014738082886, -0.3656863868236542]], "jaw_pose": [0.045189645141363144, -0.025923874229192734, -0.058518555015325546], "leye_pose": [0.0, 0.0, 0.0], "reye_pose": [0.0, 0.0, 0.0], "lhand_pose": [[0.0664452314376831, 0.3523256480693817, -0.707370400428772], [0.16833552718162537, -0.10418499261140823, -1.0244958400726318], [-0.06702985614538193, -0.1357923448085785, -0.30649033188819885], [-0.28148284554481506, 0.21315646171569824, -1.1926392316818237], [-0.12238933891057968, 0.038633693009614944, -0.8839777112007141], [-0.04266161844134331, -0.14000846445560455, -0.537122905254364], [-0.7979038953781128, -0.3931896984577179, -1.0768659114837646], [-0.2358415722846985, -0.07893532514572144, -0.7145848274230957], [-0.5422757267951965, -0.010045794770121574, -0.32793277502059937], [-0.27180933952331543, -0.09760933369398117, -1.3198997974395752], [-0.4108891785144806, -0.09091716259717941, -0.8320150971412659], [-0.2745401859283447, -0.09495585411787033, -0.5622723698616028], [0.9869292378425598, 0.4111502766609192, -0.016918465495109558], [-0.5692459344863892, 0.045864347368478775, -0.15743811428546906], [0.6971351504325867, 0.22690992057323456, -0.18960580229759216]], "rhand_pose": [[0.037545572966337204, -0.32290393114089966, 0.6385519504547119], [0.14892570674419403, 0.06571245938539505, 0.9266294836997986], [-0.07555695623159409, 0.11055123805999756, 0.2773001194000244], [-0.3081373870372772, -0.14097949862480164, 0.953156054019928], [-0.12197060137987137, -0.029697967693209648, 0.8647564053535461], [-0.03556197136640549, 0.1026163250207901, 0.4646811783313751], [-0.783685564994812, 0.5832717418670654, 0.9005822539329529], [-0.21516850590705872, 0.06991370022296906, 0.5967577695846558], [-0.49190375208854675, 0.0038653004448860884, 0.260186105966568], [-0.2660660147666931, 0.20909498631954193, 1.0607753992080688], [-0.4022700786590576, 0.12675416469573975, 0.7485499978065491], [-0.2429734319448471, 0.07262514531612396, 0.527008056640625], [0.9179179668426514, -0.485392302274704, -0.05364000052213669], [-0.5655391812324524, -0.04714193567633629, 0.14695656299591064], [0.6902192831039429, -0.19477523863315582, 0.1311676949262619]], "trans": [-0.1290113627910614, 0.6757731437683105, 1.5882216691970825], "focal": [1177.7945556640625, 1177.7945556640625], "princpt": [680.0, 384.0], "img_size_wh": [1360, 768], "pad_ratio": 0.0}