{"betas": [-0.3350449502468109, 0.09139464795589447, 0.16631057858467102, 0.11557433009147644, -0.1679086834192276, -0.28922709822654724, -0.07122166454792023, 0.08878514170646667, -0.25773289799690247, 0.04244298115372658], "root_pose": [3.042311668395996, -0.018509939312934875, 0.08351331204175949], "body_pose": [[-0.1833859533071518, 0.009849241003394127, 0.09796706587076187], [-0.16840055584907532, -0.011093085631728172, -0.08926526457071304], [0.3074605166912079, 0.012466801330447197, 0.002571891760453582], [0.4966641068458557, 0.026850271970033646, -0.0615534782409668], [0.49706634879112244, -0.028101693838834763, 0.05117497593164444], [0.06038149446249008, 0.011615991592407227, -0.012503118254244328], [-0.10779494792222977, 0.11061025410890579, -0.05654624104499817], [-0.09332068264484406, -0.09996584057807922, 0.030552001670002937], [-0.08047367632389069, 0.01578676514327526, -0.011967540718615055], [0.0029327808879315853, -0.0032351054251194, -0.0016196714714169502], [0.0125400610268116, -0.004044989123940468, 0.009623371995985508], [0.2618682384490967, 0.009449951350688934, -0.0037250248715281487], [-0.05170367658138275, -0.28762349486351013, -0.014186452142894268], [0.05285313352942467, 0.24565958976745605, 0.019332056865096092], [-0.31879204511642456, 0.07302427291870117, 0.0027868221513926983], [0.06898757070302963, -0.3500109016895294, -0.9639135599136353], [0.22020745277404785, 0.29504433274269104, 1.1411900520324707], [0.1219373270869255, 4.5510149002075195, -1.0235421657562256], [0.15372484922409058, 1.57000732421875, -0.2576463520526886], [-0.8589543104171753, -0.101567342877388, 0.3193363547325134], [-0.7961928844451904, 0.16158923506736755, -0.4978198707103729]], "jaw_pose": [0.060761336237192154, -0.009746398776769638, -0.05855242908000946], "leye_pose": [0.0, 0.0, 0.0], "reye_pose": [0.0, 0.0, 0.0], "lhand_pose": [[0.05039069056510925, 0.3927648663520813, -0.6310579180717468], [0.17832179367542267, -0.09192042052745819, -0.9124692678451538], [-0.08898384124040604, -0.1389901041984558, -0.24422422051429749], [-0.27827176451683044, 0.22760522365570068, -1.1476837396621704], [-0.12730160355567932, 0.03313850983977318, -0.8276123404502869], [-0.03776407986879349, -0.14064909517765045, -0.4830603003501892], [-0.7156181335449219, -0.5487002730369568, -0.9216488599777222], [-0.22489629685878754, -0.0596846267580986, -0.615689754486084], [-0.5031655430793762, -0.03818395733833313, -0.2620038390159607], [-0.2564123272895813, -0.16692207753658295, -1.2575567960739136], [-0.4224183261394501, -0.126266747713089, -0.7544851899147034], [-0.25548601150512695, -0.08975444734096527, -0.5035607218742371], [0.9144262671470642, 0.49154701828956604, 0.05635608360171318], [-0.551010251045227, 0.0501008965075016, -0.15943244099617004], [0.6537833213806152, 0.22387467324733734, -0.1721474975347519]], "rhand_pose": [[0.010472999885678291, -0.4608575999736786, 0.7332510948181152], [0.18599604070186615, 0.06613938510417938, 0.932491660118103], [-0.10387438535690308, 0.12387023866176605, 0.24042722582817078], [-0.3176064193248749, -0.21270209550857544, 1.0689018964767456], [-0.12104998528957367, -0.033113982528448105, 0.8262711763381958], [-0.03186434879899025, 0.12170838564634323, 0.48269540071487427], [-0.8677647709846497, 0.6524790525436401, 1.0385193824768066], [-0.2024015337228775, 0.07353325933218002, 0.5782941579818726], [-0.491542249917984, 0.014763358980417252, 0.24282048642635345], [-0.2995515465736389, 0.24426431953907013, 1.2026019096374512], [-0.4121978282928467, 0.1464061588048935, 0.7026986479759216], [-0.24160140752792358, 0.08567672967910767, 0.5083920955657959], [0.9109159111976624, -0.5631848573684692, -0.03657837584614754], [-0.5210850238800049, -0.047289978712797165, 0.14655238389968872], [0.6675333380699158, -0.2159397006034851, 0.16495415568351746]], "trans": [-0.16150613129138947, 0.7641485929489136, 1.6131012439727783], "focal": [1177.7945556640625, 1177.7945556640625], "princpt": [680.0, 384.0], "img_size_wh": [1360, 768], "pad_ratio": 0.0}