{"betas": [-0.3350471258163452, 0.09187892079353333, 0.16620686650276184, 0.11525818705558777, -0.16817238926887512, -0.28940972685813904, -0.07058608531951904, 0.08877047151327133, -0.2578982412815094, 0.042520150542259216], "root_pose": [3.012733221054077, -0.0588734932243824, 0.11280716210603714], "body_pose": [[-0.19254128634929657, 0.0019698389805853367, 0.06049920246005058], [-0.1307983249425888, 0.009549349546432495, -0.08673250675201416], [0.30457764863967896, 0.03303508087992668, 0.005188316572457552], [0.5269586443901062, 0.032464899122714996, -0.05752529203891754], [0.5363927483558655, -0.0023232009261846542, 0.04026820883154869], [0.05927664414048195, 0.036591123789548874, -0.03443684056401253], [-0.12962132692337036, 0.12256548553705215, -0.049880485981702805], [-0.11429591476917267, -0.12772488594055176, 0.035611990839242935], [-0.06660155206918716, 0.04320506379008293, -0.03944050148129463], [0.005613670684397221, -0.0030344047117978334, -0.0069193667732179165], [0.013490875251591206, -0.002333835233002901, 0.002139721531420946], [0.27727583050727844, -0.01245376467704773, -0.025558404624462128], [0.1102483868598938, -0.11775358766317368, -0.0069251772947609425], [-0.050620391964912415, 0.3691078722476959, -0.005262531340122223], [-0.28940823674201965, 0.04088076576590538, 0.016404591500759125], [0.31586045026779175, -0.0765191838145256, -1.0877814292907715], [0.061685845255851746, 0.5064238905906677, 0.9936399459838867], [-0.2210632711648941, 4.556922435760498, -0.8223602771759033], [0.12083053588867188, 1.7112681865692139, -0.2453729510307312], [-0.9534329175949097, -0.08415993303060532, 0.3058830797672272], [-0.7802398800849915, 0.1380181610584259, -0.48398399353027344]], "jaw_pose": [0.05004621669650078, 0.012584867887198925, -0.165705144405365], "leye_pose": [0.0, 0.0, 0.0], "reye_pose": [0.0, 0.0, 0.0], "lhand_pose": [[0.02727450057864189, 0.46552330255508423, -0.7301930785179138], [0.18466231226921082, -0.09345857799053192, -1.0703262090682983], [-0.0986068993806839, -0.1330638974905014, -0.2615617513656616], [-0.29801326990127563, 0.22975873947143555, -1.2102044820785522], [-0.1223156601190567, 0.024678492918610573, -0.8586919903755188], [-0.04120122641324997, -0.15372273325920105, -0.5270333290100098], [-0.8093926906585693, -0.5723639130592346, -0.9775111675262451], [-0.2382156103849411, -0.04629669338464737, -0.6677500009536743], [-0.5116478204727173, -0.01986674778163433, -0.31117522716522217], [-0.26921603083610535, -0.18653127551078796, -1.2398321628570557], [-0.40989354252815247, -0.1053781658411026, -0.7656168937683105], [-0.2657947540283203, -0.09518314152956009, -0.53315269947052], [0.9288794994354248, 0.5374912619590759, 0.07660254836082458], [-0.5982930660247803, 0.06733401119709015, -0.16700120270252228], [0.6653597950935364, 0.23166914284229279, -0.17946982383728027]], "rhand_pose": [[-0.005297822877764702, -0.3102472722530365, 0.9433523416519165], [0.17558637261390686, 0.09502992033958435, 1.2756469249725342], [-0.08814305812120438, 0.15842029452323914, 0.3970426023006439], [-0.35097357630729675, -0.18896663188934326, 1.335893988609314], [-0.13451693952083588, -0.023095952346920967, 1.1196972131729126], [-0.03801891952753067, 0.13141249120235443, 0.7076461315155029], [-0.9051487445831299, 0.4579031765460968, 1.2955718040466309], [-0.3604847192764282, 0.11406825482845306, 0.843063235282898], [-0.534180760383606, 0.043817486613988876, 0.49932289123535156], [-0.34592869877815247, 0.2050105482339859, 1.4315561056137085], [-0.4557436406612396, 0.11449093371629715, 1.0647331476211548], [-0.28026267886161804, 0.08505156636238098, 0.7049724459648132], [0.9281760454177856, -0.4714928865432739, -0.019827404990792274], [-0.5112851858139038, -0.04713715612888336, 0.17806600034236908], [0.6967278718948364, -0.2796708047389984, 0.2021796703338623]], "trans": [-0.2451646625995636, 0.7301095128059387, 1.6013356447219849], "focal": [1177.7945556640625, 1177.7945556640625], "princpt": [680.0, 384.0], "img_size_wh": [1360, 768], "pad_ratio": 0.0}