{"betas": [-0.3352256119251251, 0.09151902049779892, 0.16621656715869904, 0.11544078588485718, -0.16785894334316254, -0.28934186697006226, -0.07110248506069183, 0.08877894282341003, -0.2577838897705078, 0.042362064123153687], "root_pose": [3.083686590194702, -0.029394488781690598, 0.07292522490024567], "body_pose": [[-0.18519654870033264, 0.01126093603670597, 0.09830456972122192], [-0.1612657606601715, -0.008690819144248962, -0.08878465741872787], [0.30369043350219727, 0.017174875363707542, 0.003923935815691948], [0.4944624602794647, 0.032770074903964996, -0.0629720538854599], [0.47853150963783264, -0.02767573855817318, 0.052841879427433014], [0.03905537351965904, 0.014409782364964485, -0.0168965645134449], [-0.1019003838300705, 0.11016250401735306, -0.05671904981136322], [-0.09558670222759247, -0.09800922870635986, 0.028983784839510918], [-0.09349572658538818, 0.023523032665252686, -0.020299050956964493], [0.002550969598814845, -0.0033408673480153084, -0.0018261877121403813], [0.011737678200006485, -0.003707000520080328, 0.009564454667270184], [0.2624719738960266, 0.006017337553203106, -0.01532697957009077], [-0.021955640986561775, -0.2449602484703064, -0.00924401544034481], [0.04355559125542641, 0.284733384847641, 0.027513349428772926], [-0.3115804195404053, 0.060947343707084656, 0.036963995546102524], [0.12070468813180923, -0.3057110011577606, -1.0327937602996826], [0.20783217251300812, 0.34439095854759216, 1.1494839191436768], [-0.021411849185824394, -1.5336846113204956, 0.3405831754207611], [0.17394806444644928, 1.550247311592102, -0.268390417098999], [-0.8983517289161682, -0.09411600232124329, 0.38857752084732056], [-0.8211407661437988, 0.17471764981746674, -0.5288664698600769]], "jaw_pose": [0.06555932760238647, 0.00032278746948577464, -0.08459383249282837], "leye_pose": [0.0, 0.0, 0.0], "reye_pose": [0.0, 0.0, 0.0], "lhand_pose": [[0.036016590893268585, 0.4112878739833832, -0.7037136554718018], [0.18823735415935516, -0.09624527394771576, -0.9928924441337585], [-0.09436772763729095, -0.1473585069179535, -0.253817081451416], [-0.2957364320755005, 0.23404140770435333, -1.2189768552780151], [-0.1306801736354828, 0.022328296676278114, -0.8262732625007629], [-0.03784878924489021, -0.13916394114494324, -0.523505687713623], [-0.7247790098190308, -0.5652413964271545, -0.95981365442276], [-0.2657657861709595, -0.06725334376096725, -0.6552056074142456], [-0.501628041267395, -0.04945233464241028, -0.30444011092185974], [-0.25442269444465637, -0.19201120734214783, -1.2911558151245117], [-0.4278586804866791, -0.1388070285320282, -0.7501967549324036], [-0.2586353123188019, -0.08142135292291641, -0.5411045551300049], [0.8998088836669922, 0.5027214884757996, 0.0676456019282341], [-0.5401396155357361, 0.048993393778800964, -0.16684167087078094], [0.6425213813781738, 0.23251338303089142, -0.16893413662910461]], "rhand_pose": [[-0.01347151305526495, -0.4840041399002075, 0.778331995010376], [0.19295568764209747, 0.06989891082048416, 0.9602894186973572], [-0.10917504131793976, 0.1254906952381134, 0.23693884909152985], [-0.3306841552257538, -0.21346986293792725, 1.1164275407791138], [-0.1231616735458374, -0.030100366100668907, 0.8394221663475037], [-0.03346358984708786, 0.12532950937747955, 0.49478161334991455], [-0.8640603423118591, 0.6848084330558777, 1.0335774421691895], [-0.22079040110111237, 0.0754726305603981, 0.5891692042350769], [-0.49041351675987244, 0.023543259128928185, 0.2614368796348572], [-0.29855090379714966, 0.2579176127910614, 1.2277716398239136], [-0.4210452437400818, 0.16264139115810394, 0.7155712842941284], [-0.24236376583576202, 0.08538568764925003, 0.510502815246582], [0.8978126049041748, -0.5646774172782898, -0.04584942385554314], [-0.5145013928413391, -0.05273917689919472, 0.15104539692401886], [0.6596155166625977, -0.2217990756034851, 0.17348673939704895]], "trans": [-0.169327512383461, 0.7880897521972656, 1.6232236623764038], "focal": [1177.7945556640625, 1177.7945556640625], "princpt": [680.0, 384.0], "img_size_wh": [1360, 768], "pad_ratio": 0.0}