{"betas": [-0.33521386981010437, 0.09184809774160385, 0.16643363237380981, 0.11519626528024673, -0.16804611682891846, -0.28949785232543945, -0.07075457274913788, 0.08878155052661896, -0.25789907574653625, 0.04242715984582901], "root_pose": [3.0282161235809326, -0.05023511126637459, 0.09809621423482895], "body_pose": [[-0.1783214956521988, 0.007330925669521093, 0.06867562234401703], [-0.15094521641731262, 0.007843555882573128, -0.08903880417346954], [0.3039604127407074, 0.030808856710791588, 0.0030332726892083883], [0.5178897976875305, 0.032110393047332764, -0.059708356857299805], [0.5221742391586304, -0.007502632215619087, 0.041866276413202286], [0.05254717543721199, 0.035298559814691544, -0.03584953397512436], [-0.12374506890773773, 0.11898107826709747, -0.049934905022382736], [-0.10374876856803894, -0.1286810040473938, 0.03462138772010803], [-0.07510899752378464, 0.04230798780918121, -0.04138971492648125], [0.00531141459941864, -0.0036267160903662443, -0.007729735691100359], [0.01468983106315136, -0.002310223877429962, 0.0029582432471215725], [0.2748752534389496, -0.014076702296733856, -0.021920939907431602], [0.10141068696975708, -0.1178438812494278, -0.004930896684527397], [-0.049284957349300385, 0.3745501637458801, -0.0012166335945948958], [-0.2841476798057556, 0.04426231235265732, 0.02637297287583351], [0.2959839105606079, -0.08886050432920456, -1.1045820713043213], [0.07423141598701477, 0.5083354711532593, 1.011805534362793], [-0.1491333246231079, 4.5543413162231445, -0.8682234287261963], [0.1428348571062088, 1.6723672151565552, -0.23604384064674377], [-0.9857266545295715, -0.020722363144159317, 0.36539438366889954], [-0.8036313056945801, 0.22470031678676605, -0.4821304976940155]], "jaw_pose": [0.05254673957824707, 0.014219570904970169, -0.17194388806819916], "leye_pose": [0.0, 0.0, 0.0], "reye_pose": [0.0, 0.0, 0.0], "lhand_pose": [[0.025551408529281616, 0.46659383177757263, -0.741314709186554], [0.18822650611400604, -0.09219300001859665, -1.0323538780212402], [-0.10387598723173141, -0.13385003805160522, -0.24656948447227478], [-0.29603496193885803, 0.2324434071779251, -1.213834285736084], [-0.12311871349811554, 0.026786793023347855, -0.8297839760780334], [-0.040368832647800446, -0.15314245223999023, -0.5139723420143127], [-0.7845727205276489, -0.5817229747772217, -0.9520990252494812], [-0.23589859902858734, -0.04612807556986809, -0.6547096371650696], [-0.5044762492179871, -0.022598115727305412, -0.2995714247226715], [-0.2598136067390442, -0.19648072123527527, -1.2402712106704712], [-0.4102238118648529, -0.11152806878089905, -0.7388721704483032], [-0.26183751225471497, -0.0914156436920166, -0.5214277505874634], [0.9159884452819824, 0.5591117143630981, 0.06098880618810654], [-0.5862187743186951, 0.06543160229921341, -0.16488181054592133], [0.6635163426399231, 0.2245195508003235, -0.18005868792533875]], "rhand_pose": [[-0.0198079664260149, -0.33143001794815063, 0.9529657959938049], [0.17991523444652557, 0.09882136434316635, 1.2829028367996216], [-0.0955643579363823, 0.15713000297546387, 0.37688305974006653], [-0.3563525974750519, -0.18889158964157104, 1.3365082740783691], [-0.1335044950246811, -0.02414422295987606, 1.1163365840911865], [-0.037286754697561264, 0.13049054145812988, 0.6838322877883911], [-0.8993237018585205, 0.5120514035224915, 1.2633663415908813], [-0.35853251814842224, 0.10558468848466873, 0.8172236680984497], [-0.5260463953018188, 0.045129723846912384, 0.47414469718933105], [-0.34733277559280396, 0.2205086648464203, 1.429849624633789], [-0.4591182470321655, 0.1212509498000145, 1.0547300577163696], [-0.2771124541759491, 0.08312366157770157, 0.6767023205757141], [0.909713625907898, -0.4749870002269745, -0.0315866656601429], [-0.5079507231712341, -0.048292115330696106, 0.18051478266716003], [0.6939142942428589, -0.2686087489128113, 0.20071962475776672]], "trans": [-0.23199741542339325, 0.7444961667060852, 1.6030348539352417], "focal": [1177.7945556640625, 1177.7945556640625], "princpt": [680.0, 384.0], "img_size_wh": [1360, 768], "pad_ratio": 0.0}