{"betas": [-0.3349219560623169, 0.09160837531089783, 0.16670966148376465, 0.11538804322481155, -0.16823892295360565, -0.288726270198822, -0.07110513746738434, 0.08872366696596146, -0.2575521767139435, 0.04246481880545616], "root_pose": [2.9336929321289062, 0.005851717200130224, 0.06534608453512192], "body_pose": [[-0.18077942728996277, -0.002700130920857191, 0.08639461547136307], [-0.14760713279247284, -0.023722989484667778, -0.08582974970340729], [0.31068113446235657, -0.008142595179378986, 0.026400120928883553], [0.5113827586174011, 0.020185332745313644, -0.04856637120246887], [0.4904598295688629, -0.015031840652227402, 0.047120459377765656], [0.10522005707025528, 0.014991430565714836, 0.019931942224502563], [-0.14144468307495117, 0.10527607053518295, -0.04657682031393051], [-0.0894705206155777, -0.11153613775968552, 0.04444042220711708], [-0.05718492344021797, -0.004110780078917742, 0.030597900971770287], [0.002551276935264468, -0.0035403845831751823, -0.011020024307072163], [0.012469015084207058, -0.004938187543302774, 0.005378890782594681], [0.30354973673820496, -0.0010666612070053816, 0.0040850890800356865], [-0.07738801836967468, -0.3454705774784088, 0.06930156797170639], [0.052849579602479935, 0.1507064551115036, 0.013728193938732147], [-0.29710742831230164, 0.10105584561824799, -0.08507740497589111], [0.08422702550888062, -0.4406636655330658, -0.9442480802536011], [0.15981054306030273, 0.15087026357650757, 0.9517465829849243], [-0.16007459163665771, 4.4676194190979, -0.8729525208473206], [0.03942924365401268, 1.4118984937667847, -0.24903136491775513], [-0.6821445226669312, -0.115479476749897, 0.18421514332294464], [-0.5667914152145386, 0.15889032185077667, -0.3442498743534088]], "jaw_pose": [0.04275063797831535, -0.020844044163823128, -0.03932645916938782], "leye_pose": [0.0, 0.0, 0.0], "reye_pose": [0.0, 0.0, 0.0], "lhand_pose": [[0.04721037298440933, 0.4621301591396332, -0.7557087540626526], [0.19345352053642273, -0.11024884879589081, -1.056201457977295], [-0.08891366422176361, -0.14663931727409363, -0.29367244243621826], [-0.301527738571167, 0.2257869839668274, -1.2950667142868042], [-0.12347061932086945, 0.030215611681342125, -0.9184447526931763], [-0.041481275111436844, -0.14861007034778595, -0.5402332544326782], [-0.8464429974555969, -0.5458481907844543, -1.083785057067871], [-0.2604672610759735, -0.07114016264677048, -0.7038252949714661], [-0.5363401770591736, -0.03238807991147041, -0.33324140310287476], [-0.29169216752052307, -0.18006351590156555, -1.3829476833343506], [-0.4173447787761688, -0.09284916520118713, -0.8475551605224609], [-0.27300283312797546, -0.09910682588815689, -0.5602189898490906], [0.9530526399612427, 0.5241476893424988, 0.04462651535868645], [-0.5669344663619995, 0.057443246245384216, -0.15975092351436615], [0.6963426470756531, 0.2288256734609604, -0.20058901607990265]], "rhand_pose": [[0.023701585829257965, -0.4491087794303894, 0.8092461228370667], [0.17991888523101807, 0.06696677953004837, 0.9333822727203369], [-0.09975659847259521, 0.1292744129896164, 0.23911549150943756], [-0.32160505652427673, -0.16382145881652832, 1.1067255735397339], [-0.11990031599998474, -0.04174834489822388, 0.8277115821838379], [-0.030853401869535446, 0.11361930519342422, 0.4617680311203003], [-0.8613472580909729, 0.6515626907348633, 0.9661354422569275], [-0.22947730123996735, 0.06562861800193787, 0.5818995833396912], [-0.48621660470962524, 0.02014533430337906, 0.2554567754268646], [-0.3075725734233856, 0.2651965618133545, 1.1617506742477417], [-0.42278218269348145, 0.13343001902103424, 0.7315791249275208], [-0.24074353277683258, 0.07431186735630035, 0.5169997215270996], [0.8958021402359009, -0.5716662406921387, -0.034884870052337646], [-0.5519067049026489, -0.039164554327726364, 0.14920516312122345], [0.6953922510147095, -0.20563805103302002, 0.14858673512935638]], "trans": [-0.09475892782211304, 0.7113218307495117, 1.5816692113876343], "focal": [1177.7945556640625, 1177.7945556640625], "princpt": [680.0, 384.0], "img_size_wh": [1360, 768], "pad_ratio": 0.0}