{"betas": [-0.33502817153930664, 0.09161673486232758, 0.16672515869140625, 0.11549749225378036, -0.16789963841438293, -0.28877755999565125, -0.07119054347276688, 0.08876221626996994, -0.2578751742839813, 0.04242175444960594], "root_pose": [2.91713285446167, 0.0048056310042738914, 0.07271503657102585], "body_pose": [[-0.19905558228492737, -0.0021898148115724325, 0.07824690639972687], [-0.15733791887760162, -0.003675134852528572, -0.07689989358186722], [0.323601096868515, -0.006590170320123434, 0.021294690668582916], [0.5296440124511719, 0.0213007852435112, -0.048986855894327164], [0.4982629418373108, -0.0021715937182307243, 0.04121457412838936], [0.12162934988737106, 0.016020460054278374, 0.0103284427896142], [-0.13003063201904297, 0.10810767859220505, -0.04599570110440254], [-0.08502516895532608, -0.09782703965902328, 0.052335746586322784], [-0.053728654980659485, -0.007174826692789793, 0.018476735800504684], [0.0031725075095891953, -0.0036257326137274504, -0.011330562643706799], [0.012134072370827198, -0.00778829725459218, 0.005096662789583206], [0.2886844277381897, 0.003495929529890418, -0.0004460212658159435], [-0.09369876235723495, -0.33638522028923035, 0.04989025369286537], [0.06850138306617737, 0.1566791832447052, 0.02667306736111641], [-0.31061190366744995, 0.09611581265926361, -0.09016387909650803], [0.027863677591085434, -0.4413527846336365, -0.8923863172531128], [0.1971909999847412, 0.1599031388759613, 0.9658161997795105], [0.0491921566426754, 4.338141441345215, -0.9420113563537598], [0.06263204663991928, 1.5246586799621582, -0.23417800664901733], [-0.7663867473602295, 0.04840625077486038, 0.08605686575174332], [-0.6204986572265625, 0.19463559985160828, -0.34135985374450684]], "jaw_pose": [0.0426633283495903, -0.027526676654815674, -0.05567226931452751], "leye_pose": [0.0, 0.0, 0.0], "reye_pose": [0.0, 0.0, 0.0], "lhand_pose": [[0.06493192911148071, 0.36970019340515137, -0.7434106469154358], [0.17524796724319458, -0.1085638776421547, -1.062827467918396], [-0.06975023448467255, -0.13714870810508728, -0.30915576219558716], [-0.28801459074020386, 0.21641261875629425, -1.2323440313339233], [-0.12131725251674652, 0.035807594656944275, -0.9014667272567749], [-0.04371623322367668, -0.14211061596870422, -0.5484552979469299], [-0.8190916776657104, -0.39626798033714294, -1.1063710451126099], [-0.24435429275035858, -0.08231858909130096, -0.7287725210189819], [-0.5499070286750793, -0.009647156111896038, -0.3407416045665741], [-0.2788020074367523, -0.1066625714302063, -1.344414234161377], [-0.4101303815841675, -0.09157878160476685, -0.8454965353012085], [-0.2779691815376282, -0.09576372057199478, -0.5735081434249878], [0.9896879196166992, 0.4137504994869232, -0.016316929832100868], [-0.5725242495536804, 0.04666655510663986, -0.1548360288143158], [0.7035156488418579, 0.22558119893074036, -0.19168683886528015]], "rhand_pose": [[0.03422233834862709, -0.3273104727268219, 0.677093505859375], [0.15328529477119446, 0.06479078531265259, 0.9315322637557983], [-0.07687675207853317, 0.11317393183708191, 0.2715044617652893], [-0.3131159543991089, -0.1322890967130661, 0.9806059002876282], [-0.12070172280073166, -0.029875822365283966, 0.8639151453971863], [-0.03471795842051506, 0.10257799178361893, 0.4639739990234375], [-0.7770780920982361, 0.5859928727149963, 0.8923933506011963], [-0.22564581036567688, 0.0713779628276825, 0.599488377571106], [-0.4926835000514984, 0.009292477741837502, 0.2670142948627472], [-0.26745620369911194, 0.21530312299728394, 1.0710893869400024], [-0.40651094913482666, 0.13343484699726105, 0.7474073171615601], [-0.2417902648448944, 0.06855304539203644, 0.5312021374702454], [0.9139205813407898, -0.49649521708488464, -0.05871950089931488], [-0.5702506303787231, -0.04472433030605316, 0.14667387306690216], [0.695310652256012, -0.1956116408109665, 0.12922538816928864]], "trans": [-0.1191290020942688, 0.6707175970077515, 1.5839698314666748], "focal": [1177.7945556640625, 1177.7945556640625], "princpt": [680.0, 384.0], "img_size_wh": [1360, 768], "pad_ratio": 0.0}