{"betas": [-0.3349718451499939, 0.09267786890268326, 0.16693417727947235, 0.11523586511611938, -0.16822698712348938, -0.28879794478416443, -0.07091685384511948, 0.08864783495664597, -0.2572215497493744, 0.04244491457939148], "root_pose": [3.0893092155456543, -0.019787855446338654, 0.07265884429216385], "body_pose": [[-0.16970819234848022, 0.0050895968452095985, 0.09735216200351715], [-0.12292129546403885, -0.017714504152536392, -0.07533396035432816], [0.29087358713150024, 0.011870979331433773, 0.01689901016652584], [0.4915435314178467, 0.02679944410920143, -0.05957498401403427], [0.4491000175476074, -0.028817065060138702, 0.05138571560382843], [0.0418226458132267, 0.009474456310272217, 0.000737752125132829], [-0.12303050607442856, 0.11275038123130798, -0.047719452530145645], [-0.08096586912870407, -0.12183525413274765, 0.02996937744319439], [-0.07851367443799973, 0.016176560893654823, 0.005411452613770962], [0.0011750665726140141, -0.0055116587318480015, -0.0068442863412201405], [0.010695302858948708, -0.000999062554910779, 0.011889340355992317], [0.2718115448951721, 0.007619109004735947, -0.003947095479816198], [0.02697625383734703, -0.2160220742225647, 0.030365658923983574], [-0.019406413659453392, 0.2600465714931488, -0.030736181885004044], [-0.276561975479126, 0.09574412554502487, -0.067537322640419], [0.20755617320537567, -0.2704859673976898, -1.1373809576034546], [0.059542328119277954, 0.3299776315689087, 1.0812371969223022], [0.1450004279613495, -1.4515342712402344, 0.29953834414482117], [0.023206602782011032, 1.414286732673645, -0.30742785334587097], [-0.5976549983024597, -0.22572773694992065, 0.2865729331970215], [-0.7241265773773193, 0.1454140543937683, -0.36100590229034424]], "jaw_pose": [0.05311846360564232, 0.0009575261501595378, -0.10081858932971954], "leye_pose": [0.0, 0.0, 0.0], "reye_pose": [0.0, 0.0, 0.0], "lhand_pose": [[0.03653327375650406, 0.43118056654930115, -0.7328356504440308], [0.19227321445941925, -0.09854783862829208, -0.935424268245697], [-0.0998823270201683, -0.14899437129497528, -0.23381690680980682], [-0.301960825920105, 0.22173278033733368, -1.1967836618423462], [-0.11505681276321411, 0.028262119740247726, -0.7722841501235962], [-0.032219577580690384, -0.15108951926231384, -0.49486222863197327], [-0.826463520526886, -0.5697861909866333, -1.0101052522659302], [-0.19052726030349731, -0.054522786289453506, -0.6135249137878418], [-0.4955761134624481, -0.0243698637932539, -0.25442972779273987], [-0.2777848243713379, -0.2026890218257904, -1.2934772968292236], [-0.3985249102115631, -0.10927881300449371, -0.6693543791770935], [-0.24792253971099854, -0.09347791224718094, -0.5131350159645081], [0.9335901141166687, 0.5417210459709167, 0.008595453575253487], [-0.5357392430305481, 0.04233003407716751, -0.14523550868034363], [0.6565015316009521, 0.21694821119308472, -0.19719460606575012]], "rhand_pose": [[0.034495074301958084, -0.33887991309165955, 0.6500924229621887], [0.17334091663360596, 0.07274048030376434, 0.860540509223938], [-0.10261523723602295, 0.1285858303308487, 0.23391126096248627], [-0.3178788721561432, -0.17285367846488953, 1.0325591564178467], [-0.12339704483747482, -0.03603031858801842, 0.7918479442596436], [-0.0303458534181118, 0.1189553439617157, 0.4649757742881775], [-0.8544554114341736, 0.5847815275192261, 1.0080382823944092], [-0.18811377882957458, 0.0710478201508522, 0.5657410025596619], [-0.472286581993103, 0.0132887102663517, 0.23771516978740692], [-0.3031737506389618, 0.2304707169532776, 1.180551528930664], [-0.41334375739097595, 0.14070390164852142, 0.6778029799461365], [-0.23643942177295685, 0.08232995867729187, 0.49305880069732666], [0.8993948101997375, -0.538119375705719, 0.014412245713174343], [-0.5123308300971985, -0.02289772965013981, 0.1434929221868515], [0.6747899651527405, -0.20582391321659088, 0.1639212667942047]], "trans": [-0.09686301648616791, 0.7772030830383301, 1.6078810691833496], "focal": [1177.7945556640625, 1177.7945556640625], "princpt": [680.0, 384.0], "img_size_wh": [1360, 768], "pad_ratio": 0.0}