{"betas": [-0.3348468542098999, 0.09229611605405807, 0.16686680912971497, 0.11524943262338638, -0.16826972365379333, -0.28865957260131836, -0.07093114405870438, 0.08868442475795746, -0.2572769820690155, 0.0425405353307724], "root_pose": [3.0981011390686035, -0.010134679265320301, 0.08513249456882477], "body_pose": [[-0.1723865121603012, 0.0030814278870821, 0.09983506798744202], [-0.12838055193424225, -0.026067744940519333, -0.07906670868396759], [0.28610551357269287, 0.006066096480935812, 0.02070263773202896], [0.4937954843044281, 0.02466161735355854, -0.05889173969626427], [0.45029622316360474, -0.031581081449985504, 0.05446861311793327], [0.03578580915927887, 0.006888670846819878, 0.011496586725115776], [-0.12303441762924194, 0.11096305400133133, -0.0476645827293396], [-0.07758442312479019, -0.11525557190179825, 0.03298725187778473], [-0.08439967036247253, 0.010190640576183796, 0.01770808920264244], [0.00026301396428607404, -0.004513082094490528, -0.006970672402530909], [0.009971884079277515, -0.0015403272118419409, 0.012243065051734447], [0.28968101739883423, 0.007560379803180695, 0.00031917248270474374], [-0.011551786214113235, -0.27437910437583923, 0.0575079508125782], [-0.0012013947125524282, 0.22560715675354004, -0.036059629172086716], [-0.2616119980812073, 0.09894117712974548, -0.07662175595760345], [0.17776238918304443, -0.3546011745929718, -1.113905429840088], [0.07455955445766449, 0.27539026737213135, 1.078160047531128], [0.15744201838970184, -1.440097689628601, 0.27306443452835083], [0.01541491225361824, 1.3416212797164917, -0.3039652407169342], [-0.5876362919807434, -0.2552160918712616, 0.3724954128265381], [-0.6598597168922424, 0.10199974477291107, -0.41327500343322754]], "jaw_pose": [0.05036037415266037, -0.006211097352206707, -0.06823378801345825], "leye_pose": [0.0, 0.0, 0.0], "reye_pose": [0.0, 0.0, 0.0], "lhand_pose": [[0.03553163632750511, 0.4142827093601227, -0.663350522518158], [0.1884251832962036, -0.1021461933851242, -0.9283173680305481], [-0.09627903252840042, -0.14789649844169617, -0.2509268522262573], [-0.3075012266635895, 0.21642743051052094, -1.2254616022109985], [-0.11773578822612762, 0.02430681511759758, -0.8258163928985596], [-0.03374048322439194, -0.14734114706516266, -0.5071365833282471], [-0.802141547203064, -0.5685867667198181, -0.9942329525947571], [-0.21250998973846436, -0.058909814804792404, -0.6320672035217285], [-0.4999312162399292, -0.03216421976685524, -0.26568785309791565], [-0.27377739548683167, -0.19962027668952942, -1.3337892293930054], [-0.40762415528297424, -0.11909418553113937, -0.7291075587272644], [-0.25026053190231323, -0.09096230566501617, -0.5231685042381287], [0.9272411465644836, 0.489565372467041, 0.029110150411725044], [-0.5374313592910767, 0.04096878319978714, -0.1462964564561844], [0.656091570854187, 0.21636709570884705, -0.19181501865386963]], "rhand_pose": [[0.0299382284283638, -0.396160751581192, 0.7249992489814758], [0.1795288324356079, 0.07475453615188599, 0.8490308523178101], [-0.10663783550262451, 0.13102830946445465, 0.2136821150779724], [-0.3209688067436218, -0.1809171587228775, 1.07288658618927], [-0.122170090675354, -0.04214102402329445, 0.7586410045623779], [-0.02888398803770542, 0.1192711740732193, 0.4518457353115082], [-0.8807899951934814, 0.6208219528198242, 1.0133451223373413], [-0.1854003369808197, 0.0700882077217102, 0.5557944774627686], [-0.4727169871330261, 0.015578958205878735, 0.22870884835720062], [-0.3064750134944916, 0.24762459099292755, 1.1886556148529053], [-0.41765111684799194, 0.14784690737724304, 0.6472066640853882], [-0.23262332379817963, 0.07739536464214325, 0.48754650354385376], [0.8934486508369446, -0.5642846822738647, 0.021629199385643005], [-0.5090576410293579, -0.023734893649816513, 0.13824786245822906], [0.6713253259658813, -0.2080320566892624, 0.163396954536438]], "trans": [-0.0972643494606018, 0.7837042808532715, 1.6151100397109985], "focal": [1177.7945556640625, 1177.7945556640625], "princpt": [680.0, 384.0], "img_size_wh": [1360, 768], "pad_ratio": 0.0}