{"betas": [-0.33465805649757385, 0.09298758208751678, 0.1668074131011963, 0.11540734022855759, -0.1683162897825241, -0.2890743315219879, -0.07102708518505096, 0.08867737650871277, -0.2572634518146515, 0.04228660464286804], "root_pose": [2.98667311668396, -0.052881211042404175, 0.03695759177207947], "body_pose": [[-0.193067267537117, -0.00048320190398953855, 0.06944388151168823], [-0.13935035467147827, 0.0003662380331661552, -0.08528443425893784], [0.31863847374916077, 0.02978815883398056, 0.009218118153512478], [0.5317723155021667, 0.025356611236929893, -0.05960915610194206], [0.5354101657867432, -0.012869480066001415, 0.0442817248404026], [0.09158764779567719, 0.025345727801322937, -0.023059947416186333], [-0.1345471441745758, 0.12363995611667633, -0.04339159280061722], [-0.1141587421298027, -0.12629124522209167, 0.033214762806892395], [-0.050526946783065796, 0.041982125490903854, -0.027067484334111214], [0.005232035182416439, -0.001533364411443472, -0.0054574813693761826], [0.010872702114284039, -0.0002564676688052714, 0.006243483163416386], [0.2627646327018738, -0.004456520080566406, -0.02486354112625122], [0.10509933531284332, -0.09665624797344208, -0.025664180517196655], [-0.043054040521383286, 0.3386590778827667, 0.01272764801979065], [-0.31521737575531006, 0.05951712280511856, 0.00034088679240085185], [0.28842273354530334, -0.05826622247695923, -1.070394515991211], [0.037383485585451126, 0.4512823522090912, 1.0037031173706055], [-0.24078501760959625, 4.558940887451172, -0.934154748916626], [0.060164351016283035, 1.7151316404342651, -0.32472702860832214], [-0.7572474479675293, -0.21738408505916595, 0.0909232497215271], [-0.7040029168128967, 0.03935033455491066, -0.36618760228157043]], "jaw_pose": [0.045864835381507874, 0.006307048257440329, -0.17352023720741272], "leye_pose": [0.0, 0.0, 0.0], "reye_pose": [0.0, 0.0, 0.0], "lhand_pose": [[0.03370828926563263, 0.506841778755188, -0.8047135472297668], [0.19609257578849792, -0.09593193978071213, -0.9879699945449829], [-0.11515272408723831, -0.14161857962608337, -0.21327564120292664], [-0.2924600839614868, 0.21655017137527466, -1.1917399168014526], [-0.11863983422517776, 0.035194288939237595, -0.7565522789955139], [-0.03496136888861656, -0.15723972022533417, -0.45977750420570374], [-0.7922570705413818, -0.6506788730621338, -0.8829010128974915], [-0.21435220539569855, -0.027446920052170753, -0.6027961373329163], [-0.4788912236690521, -0.021249044686555862, -0.25055694580078125], [-0.26246407628059387, -0.22768034040927887, -1.1817221641540527], [-0.3975010812282562, -0.09280317276716232, -0.6649097800254822], [-0.2532493472099304, -0.09752559661865234, -0.4821995496749878], [0.9199774861335754, 0.6435947418212891, 0.0632738396525383], [-0.6043142676353455, 0.06777223944664001, -0.15230149030685425], [0.6787495017051697, 0.2167699784040451, -0.20014333724975586]], "rhand_pose": [[0.011395975947380066, -0.3444022834300995, 0.8699206709861755], [0.1757664978504181, 0.0880119800567627, 1.1563446521759033], [-0.09484845399856567, 0.15184365212917328, 0.3437068462371826], [-0.3339720368385315, -0.19404415786266327, 1.2503582239151], [-0.13435077667236328, -0.03482125326991081, 1.0460363626480103], [-0.037351302802562714, 0.13133332133293152, 0.62651127576828], [-0.8800334930419922, 0.5049598813056946, 1.221991777420044], [-0.3118220865726471, 0.09826118499040604, 0.7644636631011963], [-0.5191429257392883, 0.03304264694452286, 0.4093705117702484], [-0.33052459359169006, 0.2065918892621994, 1.3729008436203003], [-0.4423099458217621, 0.11955799907445908, 0.9693531394004822], [-0.2676939070224762, 0.08869936317205429, 0.6354764699935913], [0.9265362024307251, -0.5428736805915833, -0.010125811211764812], [-0.5269289016723633, -0.04338298738002777, 0.16204218566417694], [0.7116587162017822, -0.2499181181192398, 0.20556779205799103]], "trans": [-0.07688736170530319, 0.6991028785705566, 1.5702776908874512], "focal": [1177.7945556640625, 1177.7945556640625], "princpt": [680.0, 384.0], "img_size_wh": [1360, 768], "pad_ratio": 0.0}