{"betas": [-0.33467552065849304, 0.09297943860292435, 0.16695034503936768, 0.11536972224712372, -0.16837479174137115, -0.28907597064971924, -0.07091488689184189, 0.0886526107788086, -0.2571784555912018, 0.042330510914325714], "root_pose": [3.0157790184020996, -0.04355636611580849, 0.04552039876580238], "body_pose": [[-0.17417006194591522, 0.0037844846956431866, 0.08096535503864288], [-0.132441446185112, -0.004053708631545305, -0.08121909201145172], [0.31077203154563904, 0.024470921605825424, 0.01144166849553585], [0.5092827677726746, 0.024430878460407257, -0.059102438390254974], [0.5043487548828125, -0.01839238405227661, 0.04483233019709587], [0.07880783081054688, 0.020073462277650833, -0.017843808978796005], [-0.13226497173309326, 0.12185359746217728, -0.04516875371336937], [-0.10587040334939957, -0.12841452658176422, 0.030240975320339203], [-0.057139355689287186, 0.03430525213479996, -0.019225625321269035], [0.004220227710902691, -0.003559304401278496, -0.00527391629293561], [0.010977027006447315, -0.0006008013733662665, 0.008180893026292324], [0.25332364439964294, -5.684393545379862e-05, -0.02079416997730732], [0.08813916891813278, -0.1203605905175209, -0.01717921532690525], [-0.0404747910797596, 0.32430028915405273, 0.004458622075617313], [-0.3079460561275482, 0.07269317656755447, -0.022422343492507935], [0.2663474380970001, -0.10615415126085281, -1.0965206623077393], [0.03905075788497925, 0.42193031311035156, 1.0215961933135986], [0.10011505335569382, -1.552486538887024, 0.3264269530773163], [0.04965600743889809, 1.617313265800476, -0.3162532150745392], [-0.6922298073768616, -0.2147211730480194, 0.11251218616962433], [-0.7349657416343689, 0.11246960610151291, -0.3488825261592865]], "jaw_pose": [0.04916637763381004, 0.008169184438884258, -0.15525229275226593], "leye_pose": [0.0, 0.0, 0.0], "reye_pose": [0.0, 0.0, 0.0], "lhand_pose": [[0.03602224215865135, 0.5008122324943542, -0.803005576133728], [0.1983107328414917, -0.09406324476003647, -0.9605951905250549], [-0.1089315116405487, -0.1459553986787796, -0.21225404739379883], [-0.2902969717979431, 0.2247844636440277, -1.1921534538269043], [-0.11793102324008942, 0.033362917602062225, -0.7426482439041138], [-0.033246591687202454, -0.15683434903621674, -0.46111389994621277], [-0.8122307658195496, -0.636055052280426, -0.9218387007713318], [-0.20057189464569092, -0.03539106622338295, -0.594642698764801], [-0.4772234857082367, -0.021802285686135292, -0.24504031240940094], [-0.2652048170566559, -0.22575029730796814, -1.212406039237976], [-0.39526018500328064, -0.09358455240726471, -0.6451050639152527], [-0.2494080811738968, -0.09866702556610107, -0.48345211148262024], [0.9265598654747009, 0.6483713984489441, 0.03828854486346245], [-0.5745537281036377, 0.061564408242702484, -0.15176643431186676], [0.6676009297370911, 0.2194996476173401, -0.20251867175102234]], "rhand_pose": [[0.02033277042210102, -0.33921492099761963, 0.7430106997489929], [0.1738692820072174, 0.08169663697481155, 1.0425207614898682], [-0.09738266468048096, 0.14219483733177185, 0.3031798005104065], [-0.3260796070098877, -0.18469764292240143, 1.1496108770370483], [-0.1314026564359665, -0.03368234634399414, 0.9578039646148682], [-0.03480425104498863, 0.1265188306570053, 0.5583391189575195], [-0.8544148206710815, 0.5516972541809082, 1.1145670413970947], [-0.26587986946105957, 0.086115762591362, 0.6762272715568542], [-0.4974997639656067, 0.026444783434271812, 0.3344111740589142], [-0.3186265826225281, 0.22070664167404175, 1.2872563600540161], [-0.4285793900489807, 0.12419002503156662, 0.8642092347145081], [-0.2563617527484894, 0.08973955363035202, 0.5729506611824036], [0.9185672998428345, -0.5353860855102539, -0.005958395544439554], [-0.5239006280899048, -0.03600725531578064, 0.15722350776195526], [0.7004240155220032, -0.2287367433309555, 0.1909334361553192]], "trans": [-0.08765680342912674, 0.7253987789154053, 1.5807490348815918], "focal": [1177.7945556640625, 1177.7945556640625], "princpt": [680.0, 384.0], "img_size_wh": [1360, 768], "pad_ratio": 0.0}