{"betas": [-0.33483031392097473, 0.09176218509674072, 0.16676566004753113, 0.1152455136179924, -0.16839689016342163, -0.28860801458358765, -0.07091066986322403, 0.08872581273317337, -0.2574883699417114, 0.042573582381010056], "root_pose": [2.9929659366607666, 0.004192683380097151, 0.07397452741861343], "body_pose": [[-0.17844164371490479, -0.0027588855009526014, 0.0937621146440506], [-0.1428912729024887, -0.032186102122068405, -0.0864783227443695], [0.30220678448677063, -0.0041883657686412334, 0.025896446779370308], [0.5136271715164185, 0.02001447230577469, -0.053465794771909714], [0.4837779998779297, -0.02346758171916008, 0.05325133353471756], [0.08204210549592972, 0.011949917301535606, 0.02094060368835926], [-0.14202822744846344, 0.10549422353506088, -0.04701388254761696], [-0.08925805985927582, -0.11306736618280411, 0.039016105234622955], [-0.06712960451841354, 0.0011377176269888878, 0.030776355415582657], [0.0016561788506805897, -0.0033288223203271627, -0.009158128872513771], [0.011565393768250942, -0.0033437192905694246, 0.008175128139555454], [0.3054386377334595, -0.0009297458454966545, 0.0028001926839351654], [-0.06893479079008102, -0.3415944576263428, 0.07323599606752396], [0.036937274038791656, 0.1682300567626953, 0.0016625762218609452], [-0.28059202432632446, 0.10057152062654495, -0.07470851391553879], [0.11032523959875107, -0.4370528757572174, -0.9959071278572083], [0.1286831498146057, 0.1749582588672638, 0.9790557026863098], [-0.32400017976760864, 4.583775520324707, -0.8534764647483826], [0.03160059079527855, 1.3408035039901733, -0.27083560824394226], [-0.634477972984314, -0.2038116753101349, 0.2735270857810974], [-0.5486450791358948, 0.11671249568462372, -0.38601070642471313]], "jaw_pose": [0.044604647904634476, -0.015608604066073895, -0.03522614762187004], "leye_pose": [0.0, 0.0, 0.0], "reye_pose": [0.0, 0.0, 0.0], "lhand_pose": [[0.046331170946359634, 0.4713148772716522, -0.6657865047454834], [0.1920657455921173, -0.10533470660448074, -0.9684060215950012], [-0.09417693316936493, -0.14358417689800262, -0.26810312271118164], [-0.3022683262825012, 0.22559022903442383, -1.2917721271514893], [-0.12179866433143616, 0.030647102743387222, -0.8986308574676514], [-0.038616765290498734, -0.14748941361904144, -0.5058302283287048], [-0.8187776207923889, -0.5924392342567444, -1.012839674949646], [-0.24025343358516693, -0.06180573254823685, -0.6652616262435913], [-0.519710123538971, -0.03386063128709793, -0.2843945324420929], [-0.28100383281707764, -0.197628453373909, -1.383406400680542], [-0.41523540019989014, -0.0999501571059227, -0.8218819499015808], [-0.26106950640678406, -0.09742696583271027, -0.5249584913253784], [0.9239332675933838, 0.5214870572090149, 0.07034282386302948], [-0.5648847222328186, 0.05694453418254852, -0.15271976590156555], [0.6823824048042297, 0.21889711916446686, -0.19687919318675995]], "rhand_pose": [[0.02367047406733036, -0.4907045066356659, 0.8505387902259827], [0.18867667019367218, 0.07098070532083511, 0.9188464879989624], [-0.10615518689155579, 0.135836660861969, 0.2241256833076477], [-0.32448968291282654, -0.18381445109844208, 1.15694260597229], [-0.12144369632005692, -0.04869538173079491, 0.8043713569641113], [-0.02886386774480343, 0.11772212386131287, 0.462699830532074], [-0.9051186442375183, 0.6678271293640137, 1.0201705694198608], [-0.22010570764541626, 0.06870253384113312, 0.5767011046409607], [-0.4857865571975708, 0.02052154578268528, 0.24803999066352844], [-0.3221806287765503, 0.27566373348236084, 1.213034749031067], [-0.43036016821861267, 0.1394202560186386, 0.7104252576828003], [-0.23928099870681763, 0.07532285153865814, 0.5140741467475891], [0.8912116289138794, -0.589114785194397, -0.006660146173089743], [-0.5339683890342712, -0.03446625545620918, 0.14459942281246185], [0.6885929107666016, -0.2128233015537262, 0.16064181923866272]], "trans": [-0.09332171082496643, 0.7420663833618164, 1.5975720882415771], "focal": [1177.7945556640625, 1177.7945556640625], "princpt": [680.0, 384.0], "img_size_wh": [1360, 768], "pad_ratio": 0.0}