{"betas": [-0.3347553610801697, 0.0919237807393074, 0.16686725616455078, 0.11534582823514938, -0.1683814525604248, -0.2887030243873596, -0.07098144292831421, 0.08871333301067352, -0.2574060261249542, 0.0426231250166893], "root_pose": [3.0611228942871094, -0.0017947895685210824, 0.0844373106956482], "body_pose": [[-0.17640236020088196, -0.0006534235435537994, 0.09904714673757553], [-0.1372193694114685, -0.03242524713277817, -0.08328816294670105], [0.2917826473712921, 0.0008986294269561768, 0.0237739235162735], [0.5062502026557922, 0.021346811205148697, -0.05736539140343666], [0.4673732817173004, -0.029660332947969437, 0.05579908937215805], [0.05324261263012886, 0.008270660415291786, 0.018407339230179787], [-0.1328173279762268, 0.10808486491441727, -0.04724034667015076], [-0.08302968740463257, -0.11265861988067627, 0.03557289391756058], [-0.07874453067779541, 0.0058666677214205265, 0.026340754702687263], [0.0006514019332826138, -0.003511468879878521, -0.007633853703737259], [0.01037498377263546, -0.0021433052606880665, 0.010885292664170265], [0.3006881773471832, 0.0035835413727909327, 0.001784196007065475], [-0.048409298062324524, -0.31953269243240356, 0.0717175081372261], [0.018588855862617493, 0.1950974464416504, -0.01820152811706066], [-0.26243340969085693, 0.10023382306098938, -0.07332079857587814], [0.1422734260559082, -0.41452136635780334, -1.0588908195495605], [0.09749753028154373, 0.22011789679527283, 1.0311837196350098], [0.14682936668395996, -1.4811044931411743, 0.26788419485092163], [0.02127290889620781, 1.311031460762024, -0.2925160527229309], [-0.6070374250411987, -0.2534617483615875, 0.36497926712036133], [-0.5756875872612, 0.08938200026750565, -0.4244871139526367]], "jaw_pose": [0.046679913997650146, -0.011337836273014545, -0.04359070211648941], "leye_pose": [0.0, 0.0, 0.0], "reye_pose": [0.0, 0.0, 0.0], "lhand_pose": [[0.04188241809606552, 0.44170212745666504, -0.614406168460846], [0.18827205896377563, -0.10162820667028427, -0.912628710269928], [-0.09525634348392487, -0.14371705055236816, -0.2546732723712921], [-0.30478882789611816, 0.22021988034248352, -1.2647535800933838], [-0.12023603171110153, 0.027099840342998505, -0.870235025882721], [-0.035691339522600174, -0.1458025425672531, -0.4947111904621124], [-0.7903568744659424, -0.5943209528923035, -0.9691627621650696], [-0.22480444610118866, -0.05792158097028732, -0.639821469783783], [-0.5048271417617798, -0.03423479199409485, -0.25868067145347595], [-0.271221786737442, -0.20084866881370544, -1.3668009042739868], [-0.4122919738292694, -0.11334379762411118, -0.7837327718734741], [-0.2522035837173462, -0.09346356987953186, -0.5117594003677368], [0.9157195091247559, 0.4902082681655884, 0.06128990277647972], [-0.5531984567642212, 0.049521755427122116, -0.1480315774679184], [0.6651918888092041, 0.21488697826862335, -0.1908775120973587]], "rhand_pose": [[0.025242779403924942, -0.463438481092453, 0.8144420981407166], [0.18693262338638306, 0.07413423806428909, 0.879937469959259], [-0.10759827494621277, 0.13573017716407776, 0.2132360190153122], [-0.32347652316093445, -0.18851430714130402, 1.135067343711853], [-0.12235650420188904, -0.04816460981965065, 0.7718547582626343], [-0.028266185894608498, 0.11914429068565369, 0.45654523372650146], [-0.9043892621994019, 0.6539719700813293, 1.0269185304641724], [-0.20211909711360931, 0.07076800614595413, 0.5649891495704651], [-0.47975122928619385, 0.01924128830432892, 0.23670023679733276], [-0.31673771142959595, 0.26574036478996277, 1.2123818397521973], [-0.4269098937511444, 0.14648419618606567, 0.6705828905105591], [-0.23527704179286957, 0.07511403411626816, 0.5015470385551453], [0.8899281620979309, -0.5859519839286804, 0.014885960146784782], [-0.5166984796524048, -0.029109245166182518, 0.13916461169719696], [0.6777044534683228, -0.21358135342597961, 0.16529510915279388]], "trans": [-0.09579642117023468, 0.7695305347442627, 1.6120737791061401], "focal": [1177.7945556640625, 1177.7945556640625], "princpt": [680.0, 384.0], "img_size_wh": [1360, 768], "pad_ratio": 0.0}