{"betas": [-0.3348690867424011, 0.09307944029569626, 0.16704019904136658, 0.11529720574617386, -0.16829077899456024, -0.2888805866241455, -0.07088741660118103, 0.08862846344709396, -0.25713273882865906, 0.04235271364450455], "root_pose": [3.053931951522827, -0.03161156177520752, 0.05730106309056282], "body_pose": [[-0.16754774749279022, 0.005471068900078535, 0.09136376529932022], [-0.12577517330646515, -0.00995370838791132, -0.07650136947631836], [0.30106091499328613, 0.01829334907233715, 0.013883892446756363], [0.4971141219139099, 0.02608177624642849, -0.059550751000642776], [0.4709407091140747, -0.02362832985818386, 0.047744207084178925], [0.06089178845286369, 0.01486220583319664, -0.010009846650063992], [-0.12827827036380768, 0.11624330282211304, -0.047103822231292725], [-0.09275207668542862, -0.1274050623178482, 0.028828652575612068], [-0.06701768189668655, 0.024823127314448357, -0.007880433462560177], [0.0029096174985170364, -0.005344943609088659, -0.006147040519863367], [0.011217363178730011, -0.0007737086853012443, 0.010003958828747272], [0.2558690309524536, 0.004314088262617588, -0.012122646905481815], [0.06036815047264099, -0.16186845302581787, 0.002567154122516513], [-0.033932723104953766, 0.2965380847454071, -0.010535861365497112], [-0.29411622881889343, 0.08653256297111511, -0.04683574661612511], [0.2362562119960785, -0.18257004022598267, -1.1264787912368774], [0.04568018764257431, 0.3815491497516632, 1.0509002208709717], [0.1215820163488388, -1.49971342086792, 0.32106444239616394], [0.03701072931289673, 1.5094045400619507, -0.31098607182502747], [-0.6432492136955261, -0.2027958780527115, 0.1800706684589386], [-0.7423428893089294, 0.15653735399246216, -0.3356287479400635]], "jaw_pose": [0.052220191806554794, 0.006945900619029999, -0.13185611367225647], "leye_pose": [0.0, 0.0, 0.0], "reye_pose": [0.0, 0.0, 0.0], "lhand_pose": [[0.03828653693199158, 0.4725995361804962, -0.7780593037605286], [0.19654342532157898, -0.09420556575059891, -0.9384058117866516], [-0.10339495539665222, -0.14777690172195435, -0.2181200534105301], [-0.293314129114151, 0.22805437445640564, -1.1907814741134644], [-0.11580677330493927, 0.031749069690704346, -0.7446025013923645], [-0.03239171952009201, -0.1546110361814499, -0.47307223081588745], [-0.8314303159713745, -0.6020956635475159, -0.9786847829818726], [-0.1851554661989212, -0.04550962522625923, -0.5974718928337097], [-0.48566609621047974, -0.020375579595565796, -0.24243943393230438], [-0.27312660217285156, -0.2137124240398407, -1.2556005716323853], [-0.39367374777793884, -0.09831367433071136, -0.6424071788787842], [-0.24694135785102844, -0.09718943387269974, -0.49371805787086487], [0.9332996010780334, 0.6093943119049072, 0.013026702217757702], [-0.5501093864440918, 0.05215771123766899, -0.1482439488172531], [0.6600492000579834, 0.2187046855688095, -0.20081603527069092]], "rhand_pose": [[0.03103169985115528, -0.3253079354763031, 0.6560263633728027], [0.17178040742874146, 0.07466364651918411, 0.9314789175987244], [-0.09877500683069229, 0.13318006694316864, 0.266880601644516], [-0.3194231390953064, -0.174770787358284, 1.0624217987060547], [-0.1270962804555893, -0.03347371146082878, 0.8658640384674072], [-0.03243560716509819, 0.1213943362236023, 0.5022721290588379], [-0.844180166721344, 0.5665414929389954, 1.038306474685669], [-0.21847179532051086, 0.07635405659675598, 0.6053380966186523], [-0.48076528310775757, 0.017606619745492935, 0.27340784668922424], [-0.3084772527217865, 0.2240510880947113, 1.2160735130310059], [-0.41789644956588745, 0.13101425766944885, 0.7596504092216492], [-0.24556197226047516, 0.08724198490381241, 0.5240898132324219], [0.9080722332000732, -0.5290437936782837, 0.0032045363914221525], [-0.5190485715866089, -0.02800954505801201, 0.15110085904598236], [0.6861597299575806, -0.21339713037014008, 0.17440858483314514]], "trans": [-0.09399225562810898, 0.7545958161354065, 1.5946646928787231], "focal": [1177.7945556640625, 1177.7945556640625], "princpt": [680.0, 384.0], "img_size_wh": [1360, 768], "pad_ratio": 0.0}