{"betas": [-0.33496105670928955, 0.09151926636695862, 0.16668668389320374, 0.11545751988887787, -0.16811606287956238, -0.2888666093349457, -0.07126225531101227, 0.08875297009944916, -0.25781866908073425, 0.042427707463502884], "root_pose": [2.9113831520080566, 0.006002146750688553, 0.06583325564861298], "body_pose": [[-0.19059458374977112, -0.0029807956889271736, 0.08069675415754318], [-0.15433728694915771, -0.012243546545505524, -0.08090358227491379], [0.31778407096862793, -0.009096161462366581, 0.024321919307112694], [0.5173527002334595, 0.02084173448383808, -0.047524552792310715], [0.4930495023727417, -0.007219608873128891, 0.04264349862933159], [0.11756698042154312, 0.01583278365433216, 0.015700839459896088], [-0.13321183621883392, 0.1065375879406929, -0.04633181542158127], [-0.08394982665777206, -0.10543004423379898, 0.04985801875591278], [-0.05283687263727188, -0.007654319982975721, 0.02569766528904438], [0.0030253080185502768, -0.003706505987793207, -0.012342912144958973], [0.0127120865508914, -0.0063183484598994255, 0.004192814230918884], [0.29980918765068054, 0.0013995030894875526, 0.00277535617351532], [-0.08643453568220139, -0.3423490524291992, 0.06311680376529694], [0.0650535449385643, 0.14761796593666077, 0.0227261483669281], [-0.3045674264431, 0.09994124621152878, -0.09183073788881302], [0.0555691197514534, -0.44342240691185, -0.90956711769104], [0.1838325709104538, 0.1469307243824005, 0.9502900838851929], [-0.031078463420271873, 4.381333827972412, -0.8944754004478455], [0.048015378415584564, 1.4789751768112183, -0.23614735901355743], [-0.7409126162528992, -0.017221547663211823, 0.1285780966281891], [-0.5951569676399231, 0.1898980587720871, -0.33037298917770386]], "jaw_pose": [0.042120981961488724, -0.02576986700296402, -0.04832048714160919], "leye_pose": [0.0, 0.0, 0.0], "reye_pose": [0.0, 0.0, 0.0], "lhand_pose": [[0.05493135750293732, 0.4159510135650635, -0.7753411531448364], [0.18646720051765442, -0.11037442088127136, -1.0836482048034668], [-0.07944966852664948, -0.14336362481117249, -0.30652254819869995], [-0.29604506492614746, 0.22157831490039825, -1.2709157466888428], [-0.12309467792510986, 0.03145337104797363, -0.9177226424217224], [-0.04321780055761337, -0.1459936499595642, -0.5543373227119446], [-0.8348894119262695, -0.4687748849391937, -1.1085631847381592], [-0.26179516315460205, -0.07889318466186523, -0.7247913479804993], [-0.5460647344589233, -0.02318001538515091, -0.35054337978363037], [-0.2882895767688751, -0.14351995289325714, -1.3655449151992798], [-0.41423851251602173, -0.09279568493366241, -0.8527290225028992], [-0.27854427695274353, -0.09795504063367844, -0.5761731266975403], [0.9746663570404053, 0.4671410322189331, 0.010795056819915771], [-0.5684279799461365, 0.052967797964811325, -0.15944670140743256], [0.701779305934906, 0.23041187226772308, -0.1965363621711731]], "rhand_pose": [[0.027392445132136345, -0.3769097924232483, 0.7377198338508606], [0.16638948023319244, 0.06347957998514175, 0.9305201172828674], [-0.08784504979848862, 0.1201455295085907, 0.25564080476760864], [-0.3164327144622803, -0.14147238433361053, 1.0317004919052124], [-0.11984830349683762, -0.033402860164642334, 0.845108151435852], [-0.03291856870055199, 0.10704357177019119, 0.4607728123664856], [-0.8010995388031006, 0.6171936988830566, 0.9064109325408936], [-0.23220759630203247, 0.06771063059568405, 0.589111864566803], [-0.4876139760017395, 0.017326414585113525, 0.262670636177063], [-0.28170910477638245, 0.2387375682592392, 1.0993071794509888], [-0.4131581485271454, 0.13430172204971313, 0.7377569675445557], [-0.24066106975078583, 0.07026965171098709, 0.5227129459381104], [0.903697669506073, -0.5339022278785706, -0.055414166301488876], [-0.5640150904655457, -0.04316440969705582, 0.14880426228046417], [0.6959846019744873, -0.1996309459209442, 0.13581562042236328]], "trans": [-0.10542763769626617, 0.6848312616348267, 1.5782707929611206], "focal": [1177.7945556640625, 1177.7945556640625], "princpt": [680.0, 384.0], "img_size_wh": [1360, 768], "pad_ratio": 0.0}