{"betas": [-0.3345314562320709, 0.09284529089927673, 0.16638119518756866, 0.11541888117790222, -0.16833505034446716, -0.28905189037323, -0.07103066146373749, 0.08869609236717224, -0.25736406445503235, 0.042084284126758575], "root_pose": [2.969120979309082, -0.05605146661400795, 0.029847733676433563], "body_pose": [[-0.2101190835237503, -0.003432656405493617, 0.0651710107922554], [-0.1486676037311554, 0.0026273371186107397, -0.0870937779545784], [0.3241931200027466, 0.033658791333436966, 0.007343374192714691], [0.5520591139793396, 0.028297582641243935, -0.06141595542430878], [0.5528311133384705, -0.011266451328992844, 0.04557022079825401], [0.0991990938782692, 0.028116896748542786, -0.025486091151833534], [-0.13558869063854218, 0.12302079051733017, -0.0434049591422081], [-0.11834537237882614, -0.12323497235774994, 0.03566461801528931], [-0.04744677618145943, 0.046542104333639145, -0.03146364539861679], [0.006185646168887615, -0.000234732186072506, -0.005555951967835426], [0.011178484186530113, -0.000274143269052729, 0.005058895796537399], [0.27539533376693726, -0.006507202051579952, -0.02703949809074402], [0.10918848216533661, -0.0909583792090416, -0.023326745256781578], [-0.04695942625403404, 0.343962699174881, 0.017017094418406487], [-0.31491321325302124, 0.050704147666692734, 0.016413412988185883], [0.29481980204582214, -0.0449652336537838, -1.0569639205932617], [0.034586526453495026, 0.46753594279289246, 0.9971087574958801], [-0.2138720005750656, 4.542746543884277, -0.928959310054779], [0.06276547908782959, 1.784594178199768, -0.33897271752357483], [-0.8385183215141296, -0.1835210770368576, 0.09997846186161041], [-0.6760432124137878, -0.016490506008267403, -0.36211806535720825]], "jaw_pose": [0.04360690340399742, 0.004993352107703686, -0.1823052614927292], "leye_pose": [0.0, 0.0, 0.0], "reye_pose": [0.0, 0.0, 0.0], "lhand_pose": [[0.0343342088162899, 0.4965578615665436, -0.7838862538337708], [0.19152584671974182, -0.09777015447616577, -1.0057995319366455], [-0.11601109802722931, -0.13742443919181824, -0.22036170959472656], [-0.2956259250640869, 0.21242964267730713, -1.1869641542434692], [-0.11888852715492249, 0.037139471620321274, -0.7776082158088684], [-0.03736741468310356, -0.156497523188591, -0.46821966767311096], [-0.7895048260688782, -0.6361911296844482, -0.8886891603469849], [-0.21463973820209503, -0.024798406288027763, -0.6162008047103882], [-0.48715612292289734, -0.01706823706626892, -0.2549627125263214], [-0.2646472454071045, -0.21658247709274292, -1.178672432899475], [-0.3982546329498291, -0.09408175945281982, -0.6905549764633179], [-0.25669071078300476, -0.09589234739542007, -0.4886903762817383], [0.9268460273742676, 0.6113506555557251, 0.06606986373662949], [-0.6293296813964844, 0.06982006132602692, -0.15325193107128143], [0.6882191896438599, 0.21493788063526154, -0.19518250226974487]], "rhand_pose": [[0.013146527111530304, -0.32327041029930115, 0.969103991985321], [0.17574751377105713, 0.0915815532207489, 1.226757287979126], [-0.09033156931400299, 0.15869465470314026, 0.3770011365413666], [-0.33868929743766785, -0.1979377269744873, 1.3190999031066895], [-0.13530579209327698, -0.03614894300699234, 1.0990391969680786], [-0.03960306942462921, 0.13479496538639069, 0.6798497438430786], [-0.9062155485153198, 0.4350988268852234, 1.313314437866211], [-0.3371872901916504, 0.10835851728916168, 0.8314229249954224], [-0.538448691368103, 0.03382144123315811, 0.46703028678894043], [-0.337976336479187, 0.18708400428295135, 1.4398032426834106], [-0.4524008631706238, 0.11528576165437698, 1.0413143634796143], [-0.2761653959751129, 0.08589663356542587, 0.6883934736251831], [0.9363828897476196, -0.5364628434181213, -0.006735768634825945], [-0.5298391580581665, -0.045502156019210815, 0.16566306352615356], [0.7193660736083984, -0.268259733915329, 0.21772068738937378]], "trans": [-0.06399938464164734, 0.6845566630363464, 1.5637749433517456], "focal": [1177.7945556640625, 1177.7945556640625], "princpt": [680.0, 384.0], "img_size_wh": [1360, 768], "pad_ratio": 0.0}