{"betas": [-0.3347800374031067, 0.09239404648542404, 0.1668374389410019, 0.11539634317159653, -0.16811545193195343, -0.288585901260376, -0.07072941958904266, 0.08867966383695602, -0.2572590410709381, 0.04184708371758461], "root_pose": [3.1132256984710693, -0.02515554428100586, -0.038417916744947433], "body_pose": [[-0.17872582376003265, 0.009949273429811, 0.09689683467149734], [-0.16531209647655487, -0.011781923472881317, -0.08541322499513626], [0.2981705963611603, 0.02222948521375656, -0.002630094764754176], [0.4846937954425812, 0.024911195039749146, -0.06433872133493423], [0.4902370870113373, -0.034122444689273834, 0.05327517166733742], [0.037755899131298065, 0.004236893728375435, -0.02039744332432747], [-0.11146391183137894, 0.12526170909404755, -0.05052900314331055], [-0.09114068001508713, -0.1032433807849884, 0.02949664369225502], [-0.08691153675317764, 0.030229540541768074, -0.02972167357802391], [0.002475392771884799, -0.002469568746164441, -0.0009388807229697704], [0.012801573611795902, 0.00012515333946794271, 0.012877460569143295], [0.2687909007072449, 0.0034517417661845684, -0.02476338855922222], [0.000989339197985828, -0.1993986815214157, 0.033553823828697205], [-0.019799184054136276, 0.2922924757003784, -0.03426293656229973], [-0.3129553198814392, 0.06791959702968597, 0.03654283285140991], [0.15970724821090698, -0.2697078585624695, -1.0626840591430664], [0.11619363725185394, 0.36539003252983093, 1.1007620096206665], [0.022477779537439346, -1.4908689260482788, 0.31355586647987366], [0.10302851349115372, 1.5825556516647339, -0.3226450979709625], [-0.8976916670799255, -0.15861274302005768, 0.3380596935749054], [-0.7124167680740356, 0.14318238198757172, -0.5287453532218933]], "jaw_pose": [0.0509023554623127, 0.0005079125985503197, -0.0997498631477356], "leye_pose": [0.0, 0.0, 0.0], "reye_pose": [0.0, 0.0, 0.0], "lhand_pose": [[0.03556610643863678, 0.40650948882102966, -0.7926719188690186], [0.20086751878261566, -0.09996924549341202, -1.0172861814498901], [-0.10880763828754425, -0.15458263456821442, -0.23931369185447693], [-0.3126846253871918, 0.22207283973693848, -1.2571316957473755], [-0.12641584873199463, 0.02708364464342594, -0.8247373104095459], [-0.03345518931746483, -0.15412107110023499, -0.5315109491348267], [-0.8424124121665955, -0.5331701040267944, -1.0648694038391113], [-0.2334122210741043, -0.0675145834684372, -0.6664579510688782], [-0.5137079358100891, -0.037253085523843765, -0.29497745633125305], [-0.2838667631149292, -0.19397448003292084, -1.3484785556793213], [-0.4169270694255829, -0.12696942687034607, -0.7206545472145081], [-0.25884735584259033, -0.09027470648288727, -0.5515660047531128], [0.9527575969696045, 0.5633293390274048, -0.023191310465335846], [-0.5444486141204834, 0.03934358432888985, -0.15698999166488647], [0.6643721461296082, 0.22444424033164978, -0.20036253333091736]], "rhand_pose": [[0.026630232110619545, -0.3654516935348511, 0.7009789943695068], [0.17497721314430237, 0.07812394201755524, 0.967815637588501], [-0.10471274703741074, 0.12353870272636414, 0.2626751959323883], [-0.3335125744342804, -0.19204026460647583, 1.1337124109268188], [-0.12782669067382812, -0.038507767021656036, 0.9738398194313049], [-0.03539564087986946, 0.12655484676361084, 0.5204917788505554], [-0.8491761684417725, 0.5916604399681091, 1.0516294240951538], [-0.22536911070346832, 0.07985170930624008, 0.6377394199371338], [-0.4889850318431854, 0.022241026163101196, 0.3006797730922699], [-0.3080795407295227, 0.23768188059329987, 1.2767409086227417], [-0.4372752010822296, 0.13983511924743652, 0.8839726448059082], [-0.24498747289180756, 0.08566970378160477, 0.5333755016326904], [0.910600483417511, -0.5538802742958069, 0.001638934831134975], [-0.5136902332305908, -0.041010793298482895, 0.13988123834133148], [0.6760222911834717, -0.21061529219150543, 0.18746517598628998]], "trans": [-0.009756493382155895, 0.7784819602966309, 1.5973119735717773], "focal": [1177.7945556640625, 1177.7945556640625], "princpt": [680.0, 384.0], "img_size_wh": [1360, 768], "pad_ratio": 0.0}