{"betas": [-0.3347013592720032, 0.09235087782144547, 0.16671186685562134, 0.11555261164903641, -0.16815300285816193, -0.28885215520858765, -0.07092321664094925, 0.08869653940200806, -0.25724509358406067, 0.0418708436191082], "root_pose": [3.076298475265503, -0.029650770127773285, -0.030217265710234642], "body_pose": [[-0.17741252481937408, 0.00955248437821865, 0.09145347774028778], [-0.17724400758743286, -0.00584572134539485, -0.08498091250658035], [0.3081001341342926, 0.026812320575118065, -0.002111158799380064], [0.500580370426178, 0.022973041981458664, -0.06380430608987808], [0.5147325992584229, -0.029935626313090324, 0.050754666328430176], [0.055431123822927475, 0.009156824089586735, -0.02347114309668541], [-0.12822650372982025, 0.12777414917945862, -0.0475495383143425], [-0.09848829358816147, -0.11033003777265549, 0.03038248047232628], [-0.07671315968036652, 0.03737926855683327, -0.034801483154296875], [0.00428760563954711, -0.0020204000174999237, -0.001299043302424252], [0.014146937057375908, 0.0007460217457264662, 0.011821952648460865], [0.2658921778202057, -0.004429267253726721, -0.026553254574537277], [0.03763863071799278, -0.1637551337480545, 0.022509615868330002], [-0.054791565984487534, 0.32376930117607117, -0.020208606496453285], [-0.324945330619812, 0.06285877525806427, 0.03464305400848389], [0.20555436611175537, -0.2031838446855545, -1.0723769664764404], [0.06530974805355072, 0.41069844365119934, 1.056570053100586], [0.03832024708390236, -1.5235798358917236, 0.30913814902305603], [0.07689162343740463, 1.629992127418518, -0.3340212106704712], [-0.9239522814750671, -0.14794203639030457, 0.3558257520198822], [-0.7151056528091431, 0.14364922046661377, -0.48482492566108704]], "jaw_pose": [0.049467362463474274, 0.0037526206579059362, -0.13027794659137726], "leye_pose": [0.0, 0.0, 0.0], "reye_pose": [0.0, 0.0, 0.0], "lhand_pose": [[0.03077630139887333, 0.4620327353477478, -0.7744923233985901], [0.20273037254810333, -0.09800141304731369, -0.9864136576652527], [-0.11378584057092667, -0.14591248333454132, -0.22241300344467163], [-0.304179847240448, 0.22319990396499634, -1.2105660438537598], [-0.12419389933347702, 0.029487060382962227, -0.7918425798416138], [-0.03285979852080345, -0.1563265025615692, -0.49728646874427795], [-0.8213902711868286, -0.5968905687332153, -0.9758830666542053], [-0.21735739707946777, -0.050095099955797195, -0.6268125176429749], [-0.5033894181251526, -0.03212606534361839, -0.2660030424594879], [-0.27857232093811035, -0.21265368163585663, -1.2775471210479736], [-0.40643271803855896, -0.1178828626871109, -0.6731512546539307], [-0.2556440234184265, -0.09427915513515472, -0.5149905681610107], [0.9380719065666199, 0.58622145652771, -0.015410974621772766], [-0.5601901412010193, 0.04850739985704422, -0.1532757431268692], [0.6633934378623962, 0.21578268706798553, -0.19773682951927185]], "rhand_pose": [[0.018350636586546898, -0.3725825548171997, 0.7458124160766602], [0.18050074577331543, 0.08331603556871414, 1.0098525285720825], [-0.10573946684598923, 0.13057516515254974, 0.2730744183063507], [-0.33527258038520813, -0.18761375546455383, 1.1612790822982788], [-0.12913614511489868, -0.040829259902238846, 1.006157398223877], [-0.035474229604005814, 0.12846750020980835, 0.5343435406684875], [-0.8433146476745605, 0.6021937727928162, 1.0633764266967773], [-0.24749287962913513, 0.08066591620445251, 0.658150315284729], [-0.4971098005771637, 0.026855694130063057, 0.321195513010025], [-0.31228166818618774, 0.23843911290168762, 1.2894058227539062], [-0.44258543848991394, 0.13277046382427216, 0.9151685833930969], [-0.2503293454647064, 0.08541342616081238, 0.5500751733779907], [0.907101035118103, -0.5809440016746521, 0.003290057647973299], [-0.5152854323387146, -0.042422473430633545, 0.14603649079799652], [0.6879056096076965, -0.21669797599315643, 0.19585438072681427]], "trans": [-0.018623322248458862, 0.7584389448165894, 1.5900065898895264], "focal": [1177.7945556640625, 1177.7945556640625], "princpt": [680.0, 384.0], "img_size_wh": [1360, 768], "pad_ratio": 0.0}