{"betas": [-0.3345233201980591, 0.09286846965551376, 0.16642862558364868, 0.11541617661714554, -0.16834859549999237, -0.2891557216644287, -0.07107129693031311, 0.08870375901460648, -0.25736838579177856, 0.042137473821640015], "root_pose": [2.96539044380188, -0.05125227943062782, 0.020585166290402412], "body_pose": [[-0.20949462056159973, -0.001142792752943933, 0.07137229293584824], [-0.1596042513847351, 0.0010445837397128344, -0.08799705654382706], [0.32614266872406006, 0.03527851775288582, 0.0050000473856925964], [0.5521785020828247, 0.027794253081083298, -0.06293629854917526], [0.5461292862892151, -0.016732480376958847, 0.04603029787540436], [0.10093429684638977, 0.023856572806835175, -0.024830162525177002], [-0.13619528710842133, 0.1244635060429573, -0.044276949018239975], [-0.11898154765367508, -0.118504099547863, 0.03501443192362785], [-0.04799579083919525, 0.048429615795612335, -0.03419182449579239], [0.006660434417426586, 0.0007154541672207415, -0.004486396908760071], [0.01186739094555378, 6.762729026377201e-05, 0.00615404499694705], [0.2825111746788025, -0.005020542070269585, -0.03125718608498573], [0.1044272631406784, -0.09607213735580444, -0.01746765337884426], [-0.05212319269776344, 0.3450324833393097, 0.016221022233366966], [-0.3133366107940674, 0.05091454088687897, 0.024754371494054794], [0.2899567782878876, -0.057258181273937225, -1.0524779558181763], [0.03383662551641464, 0.4640216827392578, 1.0024985074996948], [-0.2060229629278183, 4.542506694793701, -0.9222590327262878], [0.05742820352315903, 1.8181532621383667, -0.35445287823677063], [-0.9151585102081299, -0.16021952033042908, 0.1389727145433426], [-0.6777153611183167, -0.026466259732842445, -0.3498595654964447]], "jaw_pose": [0.04292629286646843, 0.0036560706794261932, -0.1762915551662445], "leye_pose": [0.0, 0.0, 0.0], "reye_pose": [0.0, 0.0, 0.0], "lhand_pose": [[0.032500334084033966, 0.49158114194869995, -0.7638375163078308], [0.1903516948223114, -0.0979386642575264, -1.0172897577285767], [-0.11494013667106628, -0.13698461651802063, -0.22881053388118744], [-0.2973391115665436, 0.216999813914299, -1.1840983629226685], [-0.1207449659705162, 0.03673601523041725, -0.798712432384491], [-0.03751850873231888, -0.15599606931209564, -0.48048701882362366], [-0.7927537560462952, -0.6155272126197815, -0.9160550236701965], [-0.21581558883190155, -0.027878422290086746, -0.6257097721099854], [-0.49098360538482666, -0.017679709941148758, -0.26337411999702454], [-0.26840293407440186, -0.20754830539226532, -1.1950796842575073], [-0.3990931510925293, -0.09744390845298767, -0.7111243605613708], [-0.2577669620513916, -0.09631038457155228, -0.4990207552909851], [0.9351735711097717, 0.5849891901016235, 0.05284741520881653], [-0.6291118860244751, 0.0696345791220665, -0.15913806855678558], [0.6886997222900391, 0.21965348720550537, -0.1936149299144745]], "rhand_pose": [[0.015051542781293392, -0.31503385305404663, 0.9824787378311157], [0.17676441371440887, 0.09102728962898254, 1.220638632774353], [-0.09046098589897156, 0.15823735296726227, 0.3767443597316742], [-0.33798447251319885, -0.20181185007095337, 1.3272733688354492], [-0.13415689766407013, -0.03719471022486687, 1.0969635248184204], [-0.040207840502262115, 0.13545498251914978, 0.6807726621627808], [-0.9050076603889465, 0.4196525812149048, 1.327623963356018], [-0.33641380071640015, 0.109681136906147, 0.8371310234069824], [-0.5424614548683167, 0.03288360685110092, 0.4743669629096985], [-0.3337215781211853, 0.18359708786010742, 1.4483675956726074], [-0.4533872604370117, 0.11280505359172821, 1.048641562461853], [-0.27569717168807983, 0.08545532822608948, 0.6911714673042297], [0.9397286772727966, -0.5327484607696533, -0.002478328999131918], [-0.5260714292526245, -0.046158116310834885, 0.16654963791370392], [0.7208553552627563, -0.27210307121276855, 0.22636699676513672]], "trans": [-0.05325400456786156, 0.686082124710083, 1.5614101886749268], "focal": [1177.7945556640625, 1177.7945556640625], "princpt": [680.0, 384.0], "img_size_wh": [1360, 768], "pad_ratio": 0.0}