{"betas": [-0.33524686098098755, 0.09202917665243149, 0.1670943796634674, 0.11502519249916077, -0.16812364757061005, -0.2880324125289917, -0.0702868178486824, 0.08859211951494217, -0.2578103542327881, 0.0415843166410923], "root_pose": [3.04561448097229, -0.0032607882749289274, -0.01796809583902359], "body_pose": [[-0.1765979826450348, 0.009877609089016914, 0.09253517538309097], [-0.17443209886550903, -0.01717216521501541, -0.09264101833105087], [0.3065306544303894, 0.004401892889291048, -0.001907099038362503], [0.4955610930919647, 0.022159889340400696, -0.06067182496190071], [0.5181962251663208, -0.034281983971595764, 0.05068250745534897], [0.06357162445783615, -0.00623697554692626, -0.004836098290979862], [-0.11135680973529816, 0.1149880513548851, -0.05146079510450363], [-0.08780144900083542, -0.09100117534399033, 0.03654003143310547], [-0.07852895557880402, 0.004327001050114632, -0.009474712423980236], [0.003219634061679244, -0.0009028704953379929, -0.0006015825201757252], [0.011916019953787327, -0.0017311593983322382, 0.009218207560479641], [0.26931577920913696, 0.027279429137706757, -0.0031569269485771656], [-0.05969268083572388, -0.31168830394744873, -0.003014234360307455], [0.05949494615197182, 0.19276012480258942, -0.014867196790874004], [-0.31459757685661316, 0.10126914829015732, -0.04107936471700668], [0.05336683616042137, -0.3793705999851227, -0.9048225283622742], [0.210305318236351, 0.23278385400772095, 1.1340543031692505], [0.04754164442420006, 4.536230564117432, -1.0247777700424194], [0.10300981253385544, 1.6399497985839844, -0.30369672179222107], [-0.7845325469970703, -0.10510013997554779, 0.1808081865310669], [-0.6931509971618652, 0.0884195938706398, -0.4792928993701935]], "jaw_pose": [0.043772730976343155, -0.022587629035115242, -0.024037383496761322], "leye_pose": [0.0, 0.0, 0.0], "reye_pose": [0.0, 0.0, 0.0], "lhand_pose": [[0.04080572724342346, 0.35899749398231506, -0.7936842441558838], [0.18428926169872284, -0.10346775501966476, -1.067880392074585], [-0.08590558171272278, -0.15202659368515015, -0.29542624950408936], [-0.30341315269470215, 0.21826939284801483, -1.2806320190429688], [-0.12852157652378082, 0.023585308343172073, -0.902634859085083], [-0.037429966032505035, -0.15024752914905548, -0.5677509307861328], [-0.8493205308914185, -0.4419615566730499, -1.139710783958435], [-0.25811243057250977, -0.07566198706626892, -0.7188091278076172], [-0.5252776741981506, -0.04215199500322342, -0.35256028175354004], [-0.28027674555778503, -0.14387987554073334, -1.382797122001648], [-0.42580604553222656, -0.11327818036079407, -0.8509266972541809], [-0.2688467800617218, -0.09111836552619934, -0.5902549028396606], [0.9732521772384644, 0.473094642162323, 0.012689285911619663], [-0.5453649163246155, 0.04197137802839279, -0.1754889339208603], [0.6732625961303711, 0.24949772655963898, -0.19797158241271973]], "rhand_pose": [[0.02334757149219513, -0.3611130118370056, 0.6997292637825012], [0.1700691282749176, 0.05760607868432999, 0.9527098536491394], [-0.09385587275028229, 0.12006905674934387, 0.27024996280670166], [-0.3171718120574951, -0.18634434044361115, 1.0559966564178467], [-0.1224815845489502, -0.02841385453939438, 0.8651343584060669], [-0.03516673296689987, 0.11501825600862503, 0.5001688003540039], [-0.8312416672706604, 0.5749784111976624, 1.0368435382843018], [-0.21956172585487366, 0.07003556936979294, 0.6090397238731384], [-0.4849107563495636, 0.01656288467347622, 0.2878289222717285], [-0.2888106405735016, 0.22332949936389923, 1.1824809312820435], [-0.41054069995880127, 0.13214586675167084, 0.7851670980453491], [-0.2437305450439453, 0.08657623082399368, 0.5317679643630981], [0.9045282006263733, -0.47669506072998047, -0.04865392670035362], [-0.5212549567222595, -0.043725550174713135, 0.14476318657398224], [0.6651064157485962, -0.21163702011108398, 0.16678747534751892]], "trans": [0.007464682683348656, 0.7406594753265381, 1.5734765529632568], "focal": [1177.7945556640625, 1177.7945556640625], "princpt": [680.0, 384.0], "img_size_wh": [1360, 768], "pad_ratio": 0.0}