{"betas": [-0.33453428745269775, 0.09236163645982742, 0.16654619574546814, 0.11559931933879852, -0.16822542250156403, -0.2889705300331116, -0.07092280685901642, 0.08873220533132553, -0.2574371099472046, 0.04204761981964111], "root_pose": [3.025763511657715, -0.035937946289777756, -0.012654969468712807], "body_pose": [[-0.18047267198562622, 0.008374933153390884, 0.08589627593755722], [-0.1788577139377594, -0.0028682590927928686, -0.08619728684425354], [0.31800463795661926, 0.031055094674229622, -0.0013260444393381476], [0.5170782208442688, 0.021817991510033607, -0.06351751834154129], [0.5295852422714233, -0.026431582868099213, 0.04772762954235077], [0.07772757112979889, 0.012256456539034843, -0.02441134862601757], [-0.1376207172870636, 0.12809112668037415, -0.046044912189245224], [-0.10722412168979645, -0.11275610327720642, 0.03204061836004257], [-0.063927561044693, 0.0432514026761055, -0.03751778230071068], [0.005662084557116032, -0.0006339899846352637, -0.0018843051511794329], [0.014407766051590443, 0.0010331496596336365, 0.010150346904993057], [0.27044782042503357, -0.005955932661890984, -0.02985023893415928], [0.06864915788173676, -0.13418874144554138, 0.004899080377072096], [-0.06672559678554535, 0.3390269875526428, -0.0009964305208995938], [-0.32740116119384766, 0.060948412865400314, 0.0293494313955307], [0.24581056833267212, -0.14149445295333862, -1.064679741859436], [0.03826501965522766, 0.43318238854408264, 1.0273571014404297], [-0.16244523227214813, 4.594203948974609, -0.9084915518760681], [0.05493398383259773, 1.7190687656402588, -0.3496599495410919], [-0.9479060769081116, -0.1576768159866333, 0.31384211778640747], [-0.7179437875747681, 0.09377019107341766, -0.4129634201526642]], "jaw_pose": [0.047063589096069336, 0.002994352951645851, -0.1512792557477951], "leye_pose": [0.0, 0.0, 0.0], "reye_pose": [0.0, 0.0, 0.0], "lhand_pose": [[0.026476608589291573, 0.5039811730384827, -0.7551863789558411], [0.20108850300312042, -0.09627113491296768, -0.9837960600852966], [-0.1174798533320427, -0.13998104631900787, -0.2171572595834732], [-0.2975793480873108, 0.22462262213230133, -1.1783814430236816], [-0.12293795496225357, 0.031223900616168976, -0.7812638282775879], [-0.033358778804540634, -0.1570831835269928, -0.4779622256755829], [-0.7949947714805603, -0.6355206966400146, -0.91176438331604], [-0.21230269968509674, -0.03621529042720795, -0.6068475246429443], [-0.49265769124031067, -0.02754088118672371, -0.255797803401947], [-0.2720310091972351, -0.22111742198467255, -1.2186769247055054], [-0.39962050318717957, -0.1098647341132164, -0.6662803888320923], [-0.25388288497924805, -0.09757046401500702, -0.49327290058135986], [0.9297888875007629, 0.5919109582901001, 0.007927591912448406], [-0.5803142786026001, 0.060198824852705, -0.1566081941127777], [0.6678370237350464, 0.216364786028862, -0.19589973986148834]], "rhand_pose": [[0.007546448614448309, -0.3671213984489441, 0.8555231094360352], [0.18439841270446777, 0.08759182691574097, 1.0974866151809692], [-0.1027061715722084, 0.14322565495967865, 0.30664336681365967], [-0.33785319328308105, -0.19491547346115112, 1.2325533628463745], [-0.130462184548378, -0.03966414928436279, 1.0366418361663818], [-0.03676188364624977, 0.1311136782169342, 0.5847285389900208], [-0.8581626415252686, 0.5630984902381897, 1.1604646444320679], [-0.28815507888793945, 0.08945252001285553, 0.7215782999992371], [-0.5135266184806824, 0.03372329846024513, 0.38259950280189514], [-0.3173627257347107, 0.22682534158229828, 1.3456708192825317], [-0.4466738998889923, 0.12325380742549896, 0.960600733757019], [-0.25993719696998596, 0.08562915027141571, 0.600945234298706], [0.911960780620575, -0.5742619037628174, 0.0011668828083202243], [-0.5133155584335327, -0.04549839347600937, 0.15630242228507996], [0.701232373714447, -0.239156112074852, 0.21144989132881165]], "trans": [-0.03219204396009445, 0.7298585772514343, 1.5775786638259888], "focal": [1177.7945556640625, 1177.7945556640625], "princpt": [680.0, 384.0], "img_size_wh": [1360, 768], "pad_ratio": 0.0}