{"betas": [-0.3353273272514343, 0.09212224930524826, 0.1672840565443039, 0.11498032510280609, -0.16815507411956787, -0.28777632117271423, -0.07015085220336914, 0.08852723240852356, -0.25805097818374634, 0.04145815968513489], "root_pose": [2.999535322189331, 0.010990085080265999, -0.014987708069384098], "body_pose": [[-0.18319223821163177, 0.007889431901276112, 0.08485865592956543], [-0.18512466549873352, -0.011247132904827595, -0.09588222950696945], [0.3129022419452667, -0.00358749832957983, 0.0017930141184478998], [0.5236924886703491, 0.026626545935869217, -0.058605339378118515], [0.5382062792778015, -0.024477779865264893, 0.048166971653699875], [0.07907231152057648, -0.004463589750230312, -0.0016106932889670134], [-0.1141047552227974, 0.11057467758655548, -0.04733959585428238], [-0.07753781974315643, -0.09060181677341461, 0.04400542378425598], [-0.07011786103248596, -0.004825746174901724, -0.002698863623663783], [0.003004186786711216, -0.0018737915670499206, -0.004888126626610756], [0.011016177944839, -0.0036321356892585754, 0.005178267136216164], [0.28101760149002075, 0.02857019565999508, 0.0020109955221414566], [-0.060510359704494476, -0.33057737350463867, -0.0009653184097260237], [0.06939815729856491, 0.1707950383424759, -0.003328764345496893], [-0.3009883165359497, 0.10900592803955078, -0.06914201378822327], [0.04555823653936386, -0.3864448666572571, -0.9041495323181152], [0.2157858908176422, 0.2120583951473236, 1.114157795906067], [0.07083049416542053, 4.471762657165527, -1.0457385778427124], [0.10006434470415115, 1.6377183198928833, -0.30006223917007446], [-0.7509723901748657, -0.025638973340392113, 0.13757146894931793], [-0.6461963653564453, 0.1006583422422409, -0.4478055536746979]], "jaw_pose": [0.03787127882242203, -0.026481993496418, -0.03837859258055687], "leye_pose": [0.0, 0.0, 0.0], "reye_pose": [0.0, 0.0, 0.0], "lhand_pose": [[0.04692291468381882, 0.3305073082447052, -0.7910246849060059], [0.1770729273557663, -0.10644042491912842, -1.0740735530853271], [-0.07829000055789948, -0.14457495510578156, -0.30950868129730225], [-0.29987239837646484, 0.21314002573490143, -1.2728477716445923], [-0.1266993135213852, 0.024965723976492882, -0.9175918102264404], [-0.04067697748541832, -0.14765380322933197, -0.5769466161727905], [-0.8417364954948425, -0.4005267024040222, -1.1493935585021973], [-0.2643652558326721, -0.07764226198196411, -0.7450055480003357], [-0.5379039645195007, -0.03466244786977768, -0.3694976270198822], [-0.2795711159706116, -0.12091831117868423, -1.3816959857940674], [-0.4269910752773285, -0.10790936648845673, -0.8770584464073181], [-0.27361202239990234, -0.08987457305192947, -0.5995334982872009], [0.9883275628089905, 0.43079742789268494, 0.009668869897723198], [-0.558098554611206, 0.04136134311556816, -0.1724921315908432], [0.6853529214859009, 0.24318668246269226, -0.19502662122249603]], "rhand_pose": [[0.025775672867894173, -0.32620981335639954, 0.7147663831710815], [0.16160134971141815, 0.05601048097014427, 0.9775404930114746], [-0.08497731387615204, 0.11571865528821945, 0.2849730849266052], [-0.31692031025886536, -0.16431604325771332, 1.0471667051315308], [-0.12327302992343903, -0.02436644583940506, 0.8888629078865051], [-0.036528509110212326, 0.10892484337091446, 0.5045977234840393], [-0.7985410690307617, 0.5657694339752197, 1.0043073892593384], [-0.23462769389152527, 0.07137832045555115, 0.6247984766960144], [-0.49106132984161377, 0.018117224797606468, 0.2990994155406952], [-0.2793104946613312, 0.21430522203445435, 1.159527063369751], [-0.4139513075351715, 0.13459305465221405, 0.8026521801948547], [-0.2453642338514328, 0.08063957840204239, 0.5463870167732239], [0.9061442017555237, -0.4332009255886078, -0.06926797330379486], [-0.5384241342544556, -0.0438808873295784, 0.14700157940387726], [0.6691552996635437, -0.20888814330101013, 0.1557774394750595]], "trans": [0.014119710773229599, 0.7101331353187561, 1.5599218606948853], "focal": [1177.7945556640625, 1177.7945556640625], "princpt": [680.0, 384.0], "img_size_wh": [1360, 768], "pad_ratio": 0.0}