{"betas": [-0.33487024903297424, 0.09204992651939392, 0.1670048087835312, 0.11537501215934753, -0.16812188923358917, -0.28847143054008484, -0.07060085237026215, 0.0886719673871994, -0.2573907971382141, 0.04179992899298668], "root_pose": [3.118854284286499, -0.023917974904179573, -0.03368623927235603], "body_pose": [[-0.18053440749645233, 0.010039567947387695, 0.10041280835866928], [-0.1604544073343277, -0.016877876594662666, -0.08725293725728989], [0.295370489358902, 0.017267698422074318, -0.004045150242745876], [0.4784732460975647, 0.02416820265352726, -0.06419628858566284], [0.4853244125843048, -0.03815493732690811, 0.05472670495510101], [0.03489548712968826, -0.001702966052107513, -0.01559799537062645], [-0.09901068359613419, 0.12203598767518997, -0.05321011692285538], [-0.0899580791592598, -0.09565316140651703, 0.029631251469254494], [-0.09017502516508102, 0.02203923463821411, -0.023385576903820038], [0.001657424378208816, -0.0017988288309425116, 0.00016080508066806942], [0.011941582895815372, -0.00018699635984376073, 0.012979826889932156], [0.2687435746192932, 0.015271872282028198, -0.01951286569237709], [-0.032758526504039764, -0.2435178905725479, 0.026293078437447548], [0.018946876749396324, 0.2524350881576538, -0.03400295972824097], [-0.3115728795528412, 0.07895345985889435, 0.024966221302747726], [0.11443808674812317, -0.3298300802707672, -1.0144084692001343], [0.16470089554786682, 0.3072403073310852, 1.137414574623108], [0.00908922590315342, -1.491394281387329, 0.3223841190338135], [0.10931890457868576, 1.5891273021697998, -0.31724217534065247], [-0.8640733957290649, -0.17829301953315735, 0.29711851477622986], [-0.7241837978363037, 0.10947774350643158, -0.5220583081245422]], "jaw_pose": [0.050831444561481476, -0.0072145056910812855, -0.06039183959364891], "leye_pose": [0.0, 0.0, 0.0], "reye_pose": [0.0, 0.0, 0.0], "lhand_pose": [[0.037497516721487045, 0.3765297830104828, -0.7928304076194763], [0.1971527636051178, -0.10098113119602203, -1.049919843673706], [-0.10237351804971695, -0.15912292897701263, -0.25979679822921753], [-0.31466180086135864, 0.22144310176372528, -1.2835721969604492], [-0.1289445161819458, 0.023801857605576515, -0.8598907589912415], [-0.034578464925289154, -0.15215109288692474, -0.5551360845565796], [-0.8475790023803711, -0.49436280131340027, -1.1161234378814697], [-0.24660073220729828, -0.07640513777732849, -0.6935181021690369], [-0.5182088017463684, -0.041258376091718674, -0.3208326995372772], [-0.28289443254470825, -0.17839373648166656, -1.3819352388381958], [-0.4227586090564728, -0.13048014044761658, -0.7762519121170044], [-0.2615281939506531, -0.08881403505802155, -0.5770092010498047], [0.9642478823661804, 0.5327866673469543, -0.009641545824706554], [-0.5363914370536804, 0.03782081976532936, -0.16581015288829803], [0.6655864119529724, 0.2380358725786209, -0.19989149272441864]], "rhand_pose": [[0.024738585576415062, -0.36968323588371277, 0.7332251071929932], [0.1757361739873886, 0.07308465987443924, 0.9729796051979065], [-0.10308696329593658, 0.12435121089220047, 0.2662506699562073], [-0.33077698945999146, -0.20350739359855652, 1.1451495885849], [-0.1250491887331009, -0.03459690511226654, 0.9260317087173462], [-0.035455070436000824, 0.12503765523433685, 0.5281268954277039], [-0.8668157458305359, 0.5682313442230225, 1.0993621349334717], [-0.22307386994361877, 0.081096351146698, 0.6408233046531677], [-0.48864299058914185, 0.020822986960411072, 0.30779802799224854], [-0.30516713857650757, 0.23253439366817474, 1.2877566814422607], [-0.4289575517177582, 0.14074267446994781, 0.8461649417877197], [-0.24463777244091034, 0.08626509457826614, 0.5431442856788635], [0.9124165177345276, -0.5198010206222534, -0.010032573714852333], [-0.5084242820739746, -0.04098774120211601, 0.1420896053314209], [0.6681557297706604, -0.2181626707315445, 0.1845453530550003]], "trans": [-0.004308839328587055, 0.7819830775260925, 1.5965590476989746], "focal": [1177.7945556640625, 1177.7945556640625], "princpt": [680.0, 384.0], "img_size_wh": [1360, 768], "pad_ratio": 0.0}