{"betas": [-0.33499547839164734, 0.0920596793293953, 0.16702993214130402, 0.11520101130008698, -0.16815073788166046, -0.28820961713790894, -0.07044102251529694, 0.0886349305510521, -0.257567822933197, 0.04170450568199158], "root_pose": [3.0914440155029297, -0.016990333795547485, -0.024328144267201424], "body_pose": [[-0.1788015216588974, 0.009775161743164062, 0.09912769496440887], [-0.1657203584909439, -0.01914113014936447, -0.08963940292596817], [0.29954150319099426, 0.011468354612588882, -0.0043482547625899315], [0.4817740321159363, 0.021361563354730606, -0.06261096894741058], [0.49965739250183105, -0.03969927877187729, 0.05384978652000427], [0.04645627364516258, -0.005648323334753513, -0.010034996084868908], [-0.10139024257659912, 0.11862630397081375, -0.05351090803742409], [-0.09203623980283737, -0.09259968996047974, 0.030975406989455223], [-0.08618785440921783, 0.013297617435455322, -0.016409816220402718], [0.0024501350708305836, -0.0008300069603137672, 0.0011495368089526892], [0.012088408693671227, -0.0005625901976600289, 0.011968185193836689], [0.2664453089237213, 0.02413245476782322, -0.010727554559707642], [-0.05225590988993645, -0.2831827700138092, 0.007544355466961861], [0.045318253338336945, 0.21815599501132965, -0.025002211332321167], [-0.31808993220329285, 0.0918361246585846, -0.004895155318081379], [0.0772644430398941, -0.36484408378601074, -0.9461557865142822], [0.19549255073070526, 0.2610667943954468, 1.1478283405303955], [-0.004065568558871746, -1.5313315391540527, 0.3370361328125], [0.10463954508304596, 1.6198822259902954, -0.3110535740852356], [-0.8242524862289429, -0.16756397485733032, 0.2402999997138977], [-0.7242567539215088, 0.08566867560148239, -0.5006704330444336]], "jaw_pose": [0.04837622493505478, -0.015997672453522682, -0.029181476682424545], "leye_pose": [0.0, 0.0, 0.0], "reye_pose": [0.0, 0.0, 0.0], "lhand_pose": [[0.039151813834905624, 0.37011080980300903, -0.7902525067329407], [0.1914767473936081, -0.10176892578601837, -1.0626627206802368], [-0.0943533256649971, -0.15749378502368927, -0.27841717004776], [-0.30945220589637756, 0.22094199061393738, -1.2863818407058716], [-0.12952828407287598, 0.023233631625771523, -0.8840940594673157], [-0.03548378869891167, -0.15163420140743256, -0.5617341995239258], [-0.8526584506034851, -0.47007542848587036, -1.1355825662612915], [-0.2504746615886688, -0.07654653489589691, -0.7024716734886169], [-0.5200456380844116, -0.04315134882926941, -0.33481892943382263], [-0.2806932032108307, -0.16259121894836426, -1.3853261470794678], [-0.42412903904914856, -0.123414546251297, -0.817827582359314], [-0.26437538862228394, -0.09001647680997849, -0.5850979089736938], [0.9688478112220764, 0.5065479278564453, 0.006219859700649977], [-0.5376331806182861, 0.0403958223760128, -0.17339476943016052], [0.6672232747077942, 0.24801494181156158, -0.19871069490909576]], "rhand_pose": [[0.02291095443069935, -0.3765123188495636, 0.725195586681366], [0.1760682314634323, 0.064832903444767, 0.9578520655632019], [-0.10065092891454697, 0.12356069684028625, 0.26457643508911133], [-0.322598934173584, -0.20381951332092285, 1.107875108718872], [-0.12215983867645264, -0.0323185920715332, 0.8742732405662537], [-0.03487205132842064, 0.1210247129201889, 0.5143174529075623], [-0.862067461013794, 0.5660765171051025, 1.0926154851913452], [-0.21524196863174438, 0.07521817088127136, 0.6202603578567505], [-0.4864271581172943, 0.01707402803003788, 0.29475048184394836], [-0.298903226852417, 0.22773076593875885, 1.2463592290878296], [-0.41644391417503357, 0.13566231727600098, 0.7973865866661072], [-0.24380603432655334, 0.08770346641540527, 0.5364758372306824], [0.9089780449867249, -0.503446638584137, -0.02643246203660965], [-0.5102055668830872, -0.04178406298160553, 0.144578218460083], [0.664817750453949, -0.21783511340618134, 0.17751218378543854]], "trans": [0.0010553309693932533, 0.7674367427825928, 1.5874667167663574], "focal": [1177.7945556640625, 1177.7945556640625], "princpt": [680.0, 384.0], "img_size_wh": [1360, 768], "pad_ratio": 0.0}