{"betas": [-0.334453821182251, 0.09264502674341202, 0.16645100712776184, 0.11549431830644608, -0.16834814846515656, -0.28913411498069763, -0.07103127241134644, 0.08871760219335556, -0.2573989927768707, 0.04214382544159889], "root_pose": [2.9836888313293457, -0.04275927692651749, 0.006037655286490917], "body_pose": [[-0.19354742765426636, 0.0043511721305549145, 0.0797874927520752], [-0.16962017118930817, -0.0014848841819912195, -0.0879901722073555], [0.32394933700561523, 0.03424830734729767, 0.0014487480511888862], [0.5346079468727112, 0.024012630805373192, -0.06331239640712738], [0.533162534236908, -0.02278297021985054, 0.04578900337219238], [0.09439057111740112, 0.016708537936210632, -0.024234989657998085], [-0.13815657794475555, 0.12663337588310242, -0.04505850374698639], [-0.11464990675449371, -0.11444282531738281, 0.0332624688744545], [-0.05328880995512009, 0.04731154069304466, -0.03677486255764961], [0.006415855139493942, 0.0006732252077199519, -0.0030005737207829952], [0.013200493529438972, 0.0007753142854198813, 0.008290122263133526], [0.2794789969921112, -0.004358113743364811, -0.03290358558297157], [0.09150698781013489, -0.11006171256303787, -0.009105118922889233], [-0.060256391763687134, 0.3436660170555115, 0.011206744238734245], [-0.3186865448951721, 0.05680970102548599, 0.027287006378173828], [0.2747668921947479, -0.09001543372869492, -1.0559465885162354], [0.033954910933971405, 0.4486006796360016, 1.0131365060806274], [-0.19313877820968628, 4.561529159545898, -0.9061266779899597], [0.051213640719652176, 1.7974079847335815, -0.3594624102115631], [-0.9558321833610535, -0.1637854129076004, 0.21923118829727173], [-0.7015327215194702, 0.01798456721007824, -0.3626754879951477]], "jaw_pose": [0.04429267719388008, 0.0024411592166870832, -0.16495299339294434], "leye_pose": [0.0, 0.0, 0.0], "reye_pose": [0.0, 0.0, 0.0], "lhand_pose": [[0.027499770745635033, 0.504860520362854, -0.7541086673736572], [0.1950838416814804, -0.09661487489938736, -1.0081945657730103], [-0.11687351763248444, -0.1381467878818512, -0.22558806836605072], [-0.2971133887767792, 0.2235160917043686, -1.1784555912017822], [-0.12234672158956528, 0.03396240621805191, -0.7966541647911072], [-0.03525092825293541, -0.1563999354839325, -0.4810912311077118], [-0.7898602485656738, -0.6254404783248901, -0.9143690466880798], [-0.21709752082824707, -0.03145376592874527, -0.617602527141571], [-0.48948296904563904, -0.023038072511553764, -0.26387470960617065], [-0.2702563405036926, -0.21376673877239227, -1.203958511352539], [-0.399217426776886, -0.10308098047971725, -0.6981865167617798], [-0.2555760145187378, -0.0978112667798996, -0.4971984028816223], [0.9323029518127441, 0.5843716859817505, 0.03245777264237404], [-0.6055752038955688, 0.06749661266803741, -0.16177789866924286], [0.679067850112915, 0.2215634435415268, -0.19497540593147278]], "rhand_pose": [[0.008597991429269314, -0.3412552773952484, 0.9370348453521729], [0.1810585856437683, 0.08922869712114334, 1.1705946922302246], [-0.09615311771631241, 0.1526029407978058, 0.3467600643634796], [-0.33748263120651245, -0.20379844307899475, 1.2926874160766602], [-0.1321990191936493, -0.038015272468328476, 1.0679036378860474], [-0.03884081169962883, 0.13356150686740875, 0.64046710729599], [-0.8824207186698914, 0.48257943987846375, 1.2673674821853638], [-0.3194294273853302, 0.10175257176160812, 0.7916593551635742], [-0.5307910442352295, 0.03436227887868881, 0.44074636697769165], [-0.32413870096206665, 0.2023974508047104, 1.4078763723373413], [-0.45000213384628296, 0.11528897285461426, 1.0113966464996338], [-0.26867690682411194, 0.08615819364786148, 0.653366208076477], [0.9277440309524536, -0.5500703454017639, -0.000848635972943157], [-0.5167996883392334, -0.04741028696298599, 0.16396690905094147], [0.7134226560592651, -0.26124143600463867, 0.22445246577262878]], "trans": [-0.044439803808927536, 0.7029056549072266, 1.565999150276184], "focal": [1177.7945556640625, 1177.7945556640625], "princpt": [680.0, 384.0], "img_size_wh": [1360, 768], "pad_ratio": 0.0}