{"betas": [-0.3353590667247772, 0.09222888201475143, 0.1676751971244812, 0.11476153135299683, -0.16827958822250366, -0.2876717746257782, -0.0698489248752594, 0.08841781318187714, -0.25871726870536804, 0.04116499051451683], "root_pose": [2.9436144828796387, 0.022882357239723206, -0.015029043890535831], "body_pose": [[-0.1932390332221985, 0.00040335211087949574, 0.075644850730896], [-0.20464792847633362, -0.0016373258549720049, -0.1014188677072525], [0.3173782527446747, -0.017111733555793762, 0.0075660571455955505], [0.5486963987350464, 0.02519240789115429, -0.0553058385848999], [0.5500032305717468, -0.012058346532285213, 0.04923168569803238], [0.09948800504207611, -0.005461689084768295, 0.0019666352309286594], [-0.11698029935359955, 0.1037650778889656, -0.03698716685175896], [-0.06186706945300102, -0.09324449300765991, 0.05208069086074829], [-0.05303055793046951, -0.020618466660380363, 0.008642218075692654], [0.00252595660276711, -0.005299399606883526, -0.012506218627095222], [0.010074818506836891, -0.006834197323769331, 0.0007604819256812334], [0.32024598121643066, 0.03635592386126518, 0.002147006569430232], [-0.056640367954969406, -0.3394569456577301, 0.00462299445644021], [0.08637449890375137, 0.13143548369407654, 0.015096441842615604], [-0.2873716652393341, 0.12918786704540253, -0.09814814478158951], [0.054662320762872696, -0.3871425688266754, -0.9333664178848267], [0.21481093764305115, 0.18077100813388824, 1.101974368095398], [0.07126017659902573, 4.435573577880859, -1.0577653646469116], [0.08954719454050064, 1.6097257137298584, -0.3047359883785248], [-0.7117904424667358, 0.03916445001959801, 0.1030598059296608], [-0.5577527284622192, 0.08150764554738998, -0.3823603391647339]], "jaw_pose": [0.032687634229660034, -0.03019280545413494, -0.07497342675924301], "leye_pose": [0.0, 0.0, 0.0], "reye_pose": [0.0, 0.0, 0.0], "lhand_pose": [[0.0610605888068676, 0.27530938386917114, -0.7600196003913879], [0.16842526197433472, -0.1093980222940445, -1.0744022130966187], [-0.06645174324512482, -0.13488981127738953, -0.3195668160915375], [-0.2948140799999237, 0.19853852689266205, -1.2404892444610596], [-0.12450570613145828, 0.030323946848511696, -0.9221356511116028], [-0.04485667124390602, -0.14465217292308807, -0.5900533199310303], [-0.8262405395507812, -0.3440851867198944, -1.1483170986175537], [-0.2536143362522125, -0.08277401328086853, -0.7686372995376587], [-0.5615184903144836, -0.011378848925232887, -0.36912301182746887], [-0.27082183957099915, -0.08832277357578278, -1.3662906885147095], [-0.4228501617908478, -0.11053227633237839, -0.8913321495056152], [-0.278060644865036, -0.08550876379013062, -0.6119733452796936], [1.0163893699645996, 0.3789263665676117, -0.008563036099076271], [-0.5761311054229736, 0.04045723006129265, -0.16528145968914032], [0.6980719566345215, 0.2316669076681137, -0.18349653482437134]], "rhand_pose": [[0.03046080470085144, -0.2743395268917084, 0.7803749442100525], [0.15224137902259827, 0.06068774685263634, 1.0356545448303223], [-0.07206874340772629, 0.11066284030675888, 0.3078745901584625], [-0.31849443912506104, -0.14067846536636353, 1.098681926727295], [-0.12375669181346893, -0.020036159083247185, 0.936118483543396], [-0.03860485181212425, 0.0979800820350647, 0.5351251363754272], [-0.7651197910308838, 0.5133488774299622, 1.018477201461792], [-0.25861552357673645, 0.0809677466750145, 0.6710875630378723], [-0.5101484656333923, 0.02263430692255497, 0.336605429649353], [-0.26514187455177307, 0.19158844649791718, 1.19921875], [-0.426286518573761, 0.14446476101875305, 0.837045431137085], [-0.2488030046224594, 0.06300410628318787, 0.5934301614761353], [0.9127262830734253, -0.3604193329811096, -0.07377200573682785], [-0.56117844581604, -0.037462979555130005, 0.15287914872169495], [0.6784421801567078, -0.21307522058486938, 0.13994836807250977]], "trans": [0.029195014387369156, 0.6589559316635132, 1.5472441911697388], "focal": [1177.7945556640625, 1177.7945556640625], "princpt": [680.0, 384.0], "img_size_wh": [1360, 768], "pad_ratio": 0.0}