{"betas": [-0.3352851867675781, 0.09214381128549576, 0.1675228774547577, 0.11489218473434448, -0.1683061718940735, -0.28778889775276184, -0.06997118890285492, 0.08844874799251556, -0.2584286034107208, 0.04128808155655861], "root_pose": [2.9647035598754883, 0.019874215126037598, -0.014160790480673313], "body_pose": [[-0.19211624562740326, 0.0033490806818008423, 0.07878097891807556], [-0.19687090814113617, -0.005337544251233339, -0.0984622985124588], [0.31663715839385986, -0.011383108794689178, 0.005235634278506041], [0.5460707545280457, 0.02787669003009796, -0.05656050145626068], [0.5503440499305725, -0.016613664105534554, 0.04819348454475403], [0.09127374738454819, -0.0037386873736977577, 0.00021737749921157956], [-0.11327191442251205, 0.10589201748371124, -0.042013686150312424], [-0.06766112893819809, -0.09195446223020554, 0.049260981380939484], [-0.06073690205812454, -0.013756580650806427, 0.003730058902874589], [0.002617740537971258, -0.0034587124828249216, -0.00947357527911663], [0.010315402410924435, -0.0055387611500918865, 0.0018078295979648829], [0.300814151763916, 0.03204938769340515, 0.003953461069613695], [-0.05862315744161606, -0.33902856707572937, 0.00349868880584836], [0.0789395272731781, 0.14909091591835022, 0.008064323104918003], [-0.2903576195240021, 0.11962057650089264, -0.08723156154155731], [0.04893641918897629, -0.388835072517395, -0.9204748272895813], [0.21653330326080322, 0.1938553750514984, 1.1029329299926758], [0.07636216282844543, 4.4381794929504395, -1.0585342645645142], [0.09459959715604782, 1.6235053539276123, -0.30152007937431335], [-0.7255675792694092, 0.024378590285778046, 0.11430911719799042], [-0.5952305197715759, 0.0973925068974495, -0.4145970940589905]], "jaw_pose": [0.033590104430913925, -0.02893173322081566, -0.05869099870324135], "leye_pose": [0.0, 0.0, 0.0], "reye_pose": [0.0, 0.0, 0.0], "lhand_pose": [[0.05608668178319931, 0.2967877686023712, -0.7752864360809326], [0.17149849236011505, -0.10859113186597824, -1.0753556489944458], [-0.07217922061681747, -0.13795067369937897, -0.3170361816883087], [-0.2972899377346039, 0.20598724484443665, -1.2586032152175903], [-0.12458764761686325, 0.028298836201429367, -0.9229786992073059], [-0.04363252967596054, -0.14547096192836761, -0.584434986114502], [-0.834953248500824, -0.3587110936641693, -1.1563045978546143], [-0.2599470317363739, -0.08043243736028671, -0.7628114819526672], [-0.5525829792022705, -0.021930433809757233, -0.3732937276363373], [-0.2760433554649353, -0.09851595759391785, -1.3769049644470215], [-0.4253237545490265, -0.10824218392372131, -0.8890348076820374], [-0.2767360806465149, -0.0874258428812027, -0.6077221035957336], [1.006561279296875, 0.3959139883518219, 0.00031565845711156726], [-0.5704836845397949, 0.040324073284864426, -0.16789202392101288], [0.6956596970558167, 0.23552870750427246, -0.18921135365962982]], "rhand_pose": [[0.02923019789159298, -0.29227420687675476, 0.7521925568580627], [0.15533579885959625, 0.058315277099609375, 1.0121225118637085], [-0.07696621119976044, 0.11221139132976532, 0.2996523380279541], [-0.31812915205955505, -0.14849655330181122, 1.071397066116333], [-0.1231691911816597, -0.02184412069618702, 0.9180435538291931], [-0.038124922662973404, 0.10284620523452759, 0.5214117765426636], [-0.7764825224876404, 0.5367808938026428, 1.0077632665634155], [-0.24897009134292603, 0.07635276019573212, 0.6511664390563965], [-0.5019538998603821, 0.020116407424211502, 0.3191893398761749], [-0.2715749144554138, 0.2008165717124939, 1.176652193069458], [-0.42075732350349426, 0.14086827635765076, 0.8243811726570129], [-0.24766889214515686, 0.07135728001594543, 0.5725069046020508], [0.9117221236228943, -0.38909071683883667, -0.07602991163730621], [-0.5537196397781372, -0.04094451665878296, 0.15083104372024536], [0.6744604706764221, -0.21012401580810547, 0.14611069858074188]], "trans": [0.02122696116566658, 0.6831046938896179, 1.5514719486236572], "focal": [1177.7945556640625, 1177.7945556640625], "princpt": [680.0, 384.0], "img_size_wh": [1360, 768], "pad_ratio": 0.0}